clock_time;object_type;uuid;itinerary_id;from_state;to_state;lon;lat;details
0;vehicle;5a39815303224fb8868a6c74aa148ca8;;offline;idling;-73.997155;40.71196;{}
0;vehicle;967613f781a74375b197161a424d189c;;offline;idling;-73.982318;40.769531;{}
0;vehicle;ba35d3cdaa4844329e24e713b4f9a3d3;;offline;idling;-73.98243;40.785004;{}
0;vehicle;6e291567fe884ce388fca8423b9ab1c1;;offline;idling;-74.007424;40.72601;{}
0;vehicle;cf97a35b325e4afdbb26ff4585506a2f;;offline;idling;-73.978013;40.758114;{}
0;vehicle;9f77146bd3854247a56625cd626d8f6b;;offline;idling;-74.015092;40.71577;{}
0;vehicle;992d4e7e365c4adf8f8455f052e07455;;offline;idling;-73.95504;40.799415;{}
0;vehicle;4280cae18cc9417eb35780222abdac4c;;offline;idling;-73.95516;40.807136;{}
0;vehicle;06184e6272e0458f99c869a55b109fe9;;offline;idling;-73.968565;40.778987;{}
0;vehicle;ca640681716341b9ae4f27b35538a17b;;offline;idling;-73.973064;40.744255;{}
0;vehicle;af1dd091cc6f46298f8da7f90ae1581e;;offline;idling;-73.98414;40.740472;{}
0;vehicle;39ecdba5797a4c97bf841dfd281ec5a9;;offline;idling;-73.964446;40.791929;{}
0;vehicle;0b051e065bcc40e89745afdabcd5031c;;offline;idling;-73.977712;40.74248;{}
0;vehicle;e7f01e198b634652b4e2e7fbc048bd91;;offline;idling;-73.981404;40.758429;{}
0;vehicle;cd0fe8e5b6834289a069d4be256114bb;;offline;idling;-73.952277;40.772057;{}
0;vehicle;1a4adfbc387e45e59f32d03ea3ac4f66;;offline;idling;-73.997148;40.725134;{}
0;vehicle;a8ddfa5bf4f5412097ed7aa976f65647;;offline;idling;-73.989867;40.74131;{}
0;vehicle;bcf0e1ce67ed4ef8bd26c05ca67d6dcd;;offline;idling;-73.983686;40.729621;{}
0;vehicle;43c0337d4f9942be910c2b8dd9e747f5;;offline;idling;-73.992589;40.764275;{}
0;vehicle;adcd6943955c4cb18da250270a35fb44;;offline;idling;-73.981774;40.780118;{}
0;vehicle;81d3e83ff2ab4585bcae9f23f013fdf2;;offline;idling;-73.98555;40.723464;{}
0;vehicle;1091c76c6f764abd960fb4c21f4af754;;offline;idling;-73.995154;40.727459;{}
0;vehicle;cf5780a94d714cfea280239ec8281b99;;offline;idling;-73.933937;40.802807;{}
0;vehicle;96fbc90e265b4aa497f2c7aac59213ca;;offline;idling;-73.981902;40.769525;{}
0;vehicle;95d6f32a2a434dfe99fda9835b9279e9;;offline;idling;-73.98243;40.785004;{}
0;vehicle;c0a9f55838fe413d9ff3628738910be9;;offline;idling;-73.999796;40.733103;{}
0;vehicle;30deb738f44b4fdf841c6ade2fe3aee6;;offline;idling;-73.987463;40.724394;{}
0;vehicle;4e628eac48d44c0dada68526e4027288;;offline;idling;-73.957693;40.774537;{}
0;vehicle;b79cab2ecc7b40c58a4206e0dc2400dd;;offline;idling;-73.955624;40.804408;{}
0;vehicle;310bc99bf3d44cf5a43fd0355d0a03e4;;offline;idling;-73.981729;40.747334;{}
0;vehicle;134e5b4097fd4ae094510e1605efc140;;offline;idling;-73.950794;40.80531;{}
0;vehicle;57069d39c25f40bca88759bc5772b531;;offline;idling;-73.974029;40.754433;{}
0;vehicle;4b854696a8ac4c27b5f4a0bb9be08659;;offline;idling;-73.98871;40.741056;{}
0;vehicle;186685915a82480ba6b95cbfc56c2fa7;;offline;idling;-74.001823;40.709551;{}
0;vehicle;72bb167f6fd1448b9430529788f58212;;offline;idling;-73.96356;40.802738;{}
0;vehicle;c6a8963a2cea453aa0aa595257db364b;;offline;idling;-73.977599;40.779223;{}
0;vehicle;75570008445a473086f15b123bae169f;;offline;idling;-73.985788;40.73984;{}
0;vehicle;aa1094da3efe476f8304db835f5f6bcb;;offline;idling;-74.014114;40.704901;{}
0;vehicle;f84bf609a25949ee83b9ea371f25aa2e;;offline;idling;-73.980242;40.784073;{}
0;vehicle;76202d01e0af444290c1c2b740de5aa9;;offline;idling;-73.969922;40.760004;{}
0;vehicle;c159517834b14727b030581d1a25efb7;;offline;idling;-73.980405;40.759726;{}
0;vehicle;64a09007caae406b9a37b81f5a4d8881;;offline;idling;-73.94983;40.806608;{}
0;vehicle;5d9d24b30c7a445882d253eebdcffdb6;;offline;idling;-73.978161;40.785972;{}
0;vehicle;bf18859fcdd848dd8f0a29b5ee99943f;;offline;idling;-73.952389;40.772318;{}
0;vehicle;f01139a346624ccbbf4148af06be429f;;offline;idling;-73.988388;40.748317;{}
0;vehicle;3e9db6bb80f44fa2bed0a0cf8d1c5e7c;;offline;idling;-73.995214;40.75942;{}
0;vehicle;bd2fa994ef98465ea69f7e3dd277838e;;offline;idling;-73.970388;40.755602;{}
0;vehicle;0f27364998304d64877418c6119be010;;offline;idling;-74.006904;40.711888;{}
0;vehicle;b1581b37d1f5437e9ae2bb77a49dea1b;;offline;idling;-74.008524;40.719829;{}
0;vehicle;95b68d2f873242e192aa3071975c0da7;;offline;idling;-73.944927;40.808903;{}
0;vehicle;53a0976bfdaf41aead467f12bed6b75d;;offline;idling;-73.998267;40.720014;{}
0;vehicle;05733d69d70f4f5faf917fadf3d35585;;offline;idling;-73.980384;40.765567;{}
0;vehicle;a4604cec99454f8482ff74caec951733;;offline;idling;-73.987496;40.74958;{}
0;vehicle;7d6d2558b9074260b218b02e75492771;;offline;idling;-73.9409;40.792855;{}
0;vehicle;21ca73b1df8f43459a78cc6eb623c9b9;;offline;idling;-73.956383;40.768078;{}
0;vehicle;b030d7e3a1094fbfb1235373a9a6f55f;;offline;idling;-73.967141;40.792528;{}
0;vehicle;5237ff154f63483b92418fd05b8c1cc7;;offline;idling;-73.968788;40.791367;{}
0;vehicle;bea115b9c0e64fd282d68dfc6669d48f;;offline;idling;-74.00011;40.721645;{}
0;vehicle;b119ac22e8c547038bb0fb0c33165285;;offline;idling;-73.953463;40.802313;{}
0;vehicle;334a704a0fe04d578476ce2629ef1f34;;offline;idling;-73.995642;40.730578;{}
0;vehicle;03fcde3bfde74a1c9db48670acd05afe;;offline;idling;-73.963791;40.773908;{}
0;vehicle;329fb8092eb24293a4f3b11525fbc6da;;offline;idling;-73.935155;40.795971;{}
0;vehicle;bc75e8782cc04eb6a8bbaf9f1be2735c;;offline;idling;-73.947676;40.808581;{}
0;vehicle;a40e59e4b5494297a33e48470d2f94cd;;offline;idling;-73.954303;40.808663;{}
0;vehicle;9e4d851e83614a4aa70cbac04acd60c1;;offline;idling;-74.007093;40.705288;{}
0;vehicle;a19d1a7f84824b95a687f3f2e8768a48;;offline;idling;-73.965844;40.79028;{}
0;vehicle;43a3c4e69ac74e208398b08a25093828;;offline;idling;-73.9549;40.799218;{}
0;vehicle;edb5ca231d064039b65883fa911685b2;;offline;idling;-73.995498;40.765504;{}
0;vehicle;97c8a03b9c4447e7b50e10b497218e5b;;offline;idling;-73.982562;40.784828;{}
0;vehicle;54804c90fe8040f3a53ab94e9b2a3efb;;offline;idling;-73.944901;40.807425;{}
0;vehicle;b5cbd01e077c496e9383598c5f7c1d0d;;offline;idling;-73.969319;40.754456;{}
0;vehicle;0cc0bbdcc81d440b87035d811ea0554e;;offline;idling;-73.981887;40.768899;{}
0;vehicle;869d868914844c239b528b00dc913a9c;;offline;idling;-73.972016;40.782054;{}
0;vehicle;3d0f556b294d494194f922cf56c4f7f1;;offline;idling;-73.999749;40.726718;{}
0;vehicle;58a70dda42dd4f8bbbde18b486d8cf61;;offline;idling;-73.97624;40.776055;{}
0;vehicle;30fac48967944939a9a0397344db1692;;offline;idling;-73.980405;40.759726;{}
0;vehicle;e4825fe130454132bd15279a0319c625;;offline;idling;-73.985193;40.746963;{}
0;vehicle;e50dc37a3a7d49a2ba27a992bbe48a12;;offline;idling;-73.965394;40.8002;{}
0;vehicle;cb176982f7ed43dfad6a35369f69f15a;;offline;idling;-73.97719;40.751841;{}
0;vehicle;1799bf675ae74dce88ffcea2c94d1316;;offline;idling;-73.983225;40.75596;{}
0;vehicle;21d12e11d2cf431295be630b173b2a1d;;offline;idling;-73.981315;40.778865;{}
0;vehicle;f26cac742dd147bc83771abfc5cf7d33;;offline;idling;-73.972106;40.756324;{}
0;vehicle;9c558cdc53684e58abf00cc091630f40;;offline;idling;-73.990117;40.714675;{}
0;vehicle;2cf40ac817ac45c98a90cc5958c73e16;;offline;idling;-73.980431;40.738717;{}
0;vehicle;d0c6ae40f40c4ddda4285aeb02bc17c8;;offline;idling;-73.984599;40.732114;{}
0;vehicle;d5ec53f347de4a71b921781f4dec8091;;offline;idling;-73.982021;40.774159;{}
0;vehicle;63a9f54f63b94800808df4e86fd95d4a;;offline;idling;-73.985912;40.752176;{}
0;vehicle;47eaaa891e64419eae7153715df5c3cc;;offline;idling;-73.974667;40.787654;{}
0;vehicle;ed63355f7091404489df26e92f7ce835;;offline;idling;-73.979593;40.784064;{}
0;vehicle;bbcb8a66818948bcbd6ffd7251729e49;;offline;idling;-74.00101;40.720575;{}
0;vehicle;623d7bc4fcf9432488e7925f68d91118;;offline;idling;-73.979908;40.78078;{}
0;vehicle;cf7266ed36c740cabdb1d3bf49dfa893;;offline;idling;-74.009991;40.70991;{}
0;vehicle;0eccbb469a424009b061b7f80f60f878;;offline;idling;-74.006877;40.728914;{}
0;vehicle;29fce6c3b95745adb010fd553c39a778;;offline;idling;-73.944901;40.807425;{}
0;vehicle;55ca6b1a72b54a90850812734598e054;;offline;idling;-73.98989;40.719803;{}
0;vehicle;aa3a108e6e7f4a5db5fd2b8982b4cff5;;offline;idling;-73.982478;40.779077;{}
0;vehicle;5f00eb8ee2fd4133896ede63062a5be4;;offline;idling;-73.983686;40.729621;{}
0;vehicle;1771caa3fb0b4ed384b85809f0b252c1;;offline;idling;-73.982362;40.771281;{}
0;vehicle;ae5dd21081844e36a9b567a8e4692b31;;offline;idling;-73.988934;40.74805;{}
0;vehicle;c74b81bfbda44ff99bb866e6afc816ea;;offline;idling;-73.962446;40.763404;{}
0;vehicle;88393127470343499828e2867f822ae4;;offline;idling;-73.993241;40.752349;{}
0;vehicle;44d714f04ac24b23ae9861a2b60e8f32;;offline;idling;-73.964815;40.767351;{}
0;vehicle;475037c8c21b4add91894d5022e4f75d;;offline;idling;-73.962791;40.77525;{}
0;vehicle;c001e837f6ac4cbd84167b5364cf1db4;;offline;idling;-74.014783;40.704952;{}
0;vehicle;55329f99888e43fcb1642539006d1d10;;offline;idling;-73.939458;40.807236;{}
0;vehicle;d02a8c5003a54a1eb848c67fcbf7d480;;offline;idling;-73.993952;40.712292;{}
0;vehicle;3706047c8ce34beaac9943a7e317abea;;offline;idling;-73.982562;40.784828;{}
0;vehicle;2d43b3fd03714f7090617cb5bfdf3acf;;offline;idling;-73.993241;40.752349;{}
0;vehicle;db4d18f01f454b6e97b752f254893653;;offline;idling;-73.955551;40.772765;{}
0;vehicle;fd14331357084ab2946dcd02a54872f5;;offline;idling;-73.967129;40.763826;{}
0;vehicle;6d5772fddc1f4dee8092a0c9dee68981;;offline;idling;-73.995825;40.759861;{}
0;vehicle;d5fc3b4ec15349d7af9fcac923dbf63d;;offline;idling;-73.981456;40.744171;{}
0;vehicle;5d7a2ceec22b4629849f9d9e4284dd27;;offline;idling;-73.947676;40.808581;{}
0;vehicle;8eb144e9e5594ee9bf17533e96808bf5;;offline;idling;-73.946105;40.808124;{}
0;vehicle;935121f934f3497e942c45018500ab53;;offline;idling;-73.976404;40.744247;{}
0;vehicle;bbe327350ece4b20b415c6465ef633dd;;offline;idling;-73.953106;40.811107;{}
0;vehicle;4564203b0cf84eddb99f16c6d341dff1;;offline;idling;-73.947676;40.808581;{}
0;vehicle;ec20eeda8d594ca1a80ca20e7209804f;;offline;idling;-73.996491;40.737117;{}
0;vehicle;82a4bdb4af6842598bf78b4a367d62d8;;offline;idling;-73.95306;40.776211;{}
0;vehicle;4d652f7d1368467ca8c28238c92a96de;;offline;idling;-73.969442;40.762697;{}
0;vehicle;c3d45045ed7e47a8bb865df9540c209e;;offline;idling;-73.955134;40.804413;{}
0;vehicle;5910686571ee4248bc186a10169ffdcb;;offline;idling;-73.969875;40.748015;{}
0;vehicle;86ccc6cc57834e2c94209b81eaea08f8;;offline;idling;-73.971661;40.795175;{}
0;vehicle;7ee9c3662a784df7af370a966dff912d;;offline;idling;-73.997364;40.765629;{}
0;vehicle;573444541e1e4bd1b9df8fdcc6a802f5;;offline;idling;-73.955928;40.813674;{}
0;vehicle;d3a4418b29dd4454ba3dbd0a243a8bd1;;offline;idling;-73.976017;40.728461;{}
0;vehicle;31d9b1aa867b45b4b9bc6a3f69197cd2;;offline;idling;-73.985044;40.73974;{}
0;vehicle;dc70ba287ff945aa86bb59447a522c39;;offline;idling;-73.998259;40.764355;{}
0;vehicle;3eae44c8aa824e51acb32a021d93d760;;offline;idling;-73.972471;40.749702;{}
0;vehicle;f22fef829bef4fca8cadd1c35fb620ae;;offline;idling;-73.989867;40.74131;{}
0;vehicle;1766f491719c4f09bb12ac98b9c26523;;offline;idling;-73.965;40.755359;{}
0;vehicle;c037cd1642b249a492150e2839160b8c;;offline;idling;-73.935155;40.795971;{}
0;vehicle;a2355787e857419fa7034dd885c7c1c8;;offline;idling;-73.977985;40.786849;{}
0;vehicle;c9b7bef78eea44c7a0d390b433757a65;;offline;idling;-73.977126;40.774831;{}
0;vehicle;b45d9a18ca074a67ba1d451626bad9fa;;offline;idling;-74.007637;40.712748;{}
0;vehicle;36b8d4b346164c53a9c0485f68a2b4ed;;offline;idling;-74.005839;40.714896;{}
0;vehicle;b94172e0c6224c6487af0f8eecc3a2c1;;offline;idling;-73.988974;40.730977;{}
0;vehicle;d81a3f48c4f747d191de955679d24e77;;offline;idling;-73.992589;40.764275;{}
0;vehicle;1d02f732415742298b9395a424f0f6f3;;offline;idling;-73.996555;40.732291;{}
0;vehicle;26abdd55b82b4b10aec7a3c41261fa17;;offline;idling;-73.983686;40.729621;{}
0;vehicle;9a4754a4b1ee4f0ebc1176c22b17ed8d;;offline;idling;-73.964815;40.767351;{}
0;vehicle;58b2174d844040cdb17afbb8d6ab9e09;;offline;idling;-73.951757;40.77806;{}
0;vehicle;27ea40ff0eb948679a43804caa1ffdc7;;offline;idling;-73.985912;40.752176;{}
0;vehicle;e742276bb71342fc9df67cd488a7bab6;;offline;idling;-73.978895;40.75255;{}
0;vehicle;1515d8a2fa544ae7aa9b4454d9589926;;offline;idling;-73.995935;40.748611;{}
0;vehicle;0d8f50cb001b4e0eaa588d69f123906c;;offline;idling;-73.977925;40.726068;{}
0;vehicle;a2cb19d02b2048e5b987d5f79ded60ec;;offline;idling;-73.988593;40.741007;{}
0;vehicle;b87d5c3a5f4c4816bfcb29405a091cbd;;offline;idling;-73.923518;40.792508;{}
0;vehicle;bc3255dd0a924deca01d68b560c3d8dd;;offline;idling;-73.998076;40.724007;{}
0;vehicle;931bc386c2e64cefb9d73a1255e82acc;;offline;idling;-73.98036;40.783665;{}
0;vehicle;618a903d04a24cc98ee096ed2ecf6f5c;;offline;idling;-73.973573;40.748109;{}
0;vehicle;11ef74d3d9f2429fb53d8ef3a64edc3e;;offline;idling;-73.994058;40.713615;{}
0;vehicle;55f5769eabe542a39b1f7e6a9357cf4c;;offline;idling;-73.955383;40.773044;{}
0;vehicle;87c01673a7134487b7856095749b22c9;;offline;idling;-73.936474;40.804093;{}
0;vehicle;ba04696a54924a398e570a4a8f3bac72;;offline;idling;-73.964446;40.791929;{}
0;vehicle;43a9ce37429c41008c7083e9b67c1dcc;;offline;idling;-73.995757;40.733239;{}
0;vehicle;bf496aa99fa44136bc92c214d3f4bbb9;;offline;idling;-73.978842;40.740896;{}
0;vehicle;d45ca62ee91a459d9ae954152aee6e1b;;offline;idling;-73.992162;40.725859;{}
0;vehicle;7192dcf79dc64c27b88336490db1b814;;offline;idling;-73.937929;40.803826;{}
0;vehicle;98e33fa210444e909b5b20bae4e79802;;offline;idling;-74.002924;40.740023;{}
0;vehicle;d667bfffc6414fa3b44f48d4673cb0b8;;offline;idling;-73.959689;40.808929;{}
0;vehicle;84d0fa76bdb44fce992606777d4adcaf;;offline;idling;-73.985967;40.755724;{}
0;vehicle;707821d489b2459993cd2fbcf968eb1a;;offline;idling;-73.988974;40.730977;{}
0;vehicle;46276b8acd724c50b46e9505f741f7c4;;offline;idling;-73.977575;40.764586;{}
0;vehicle;8556b013187e4214b56ca3e4d32ee1d1;;offline;idling;-73.935155;40.795971;{}
0;vehicle;df1687a7525a478f8c64c166efed60be;;offline;idling;-74.009991;40.70991;{}
0;vehicle;542a3c22f32c407b8ade5b3ac0b48e10;;offline;idling;-73.951887;40.810546;{}
0;vehicle;289aba3638974357ae78d2b0cbe4f677;;offline;idling;-73.970388;40.755602;{}
0;vehicle;b8650b71cde94fa4916f6992ac442116;;offline;idling;-73.980851;40.76752;{}
0;vehicle;2f9aecc99212466fa4187ec523ada07d;;offline;idling;-73.98103;40.781249;{}
0;vehicle;c08316d46c074a3c8a07550a5bce68bf;;offline;idling;-74.00195;40.735379;{}
0;vehicle;4494e48e6d2045c69d1eae66759827b8;;offline;idling;-73.96356;40.802738;{}
0;vehicle;3d02eb1903824fe9a4d1b9f892be7fe2;;offline;idling;-73.98989;40.719803;{}
0;vehicle;af18d8dae30a41108f8daa97d9b280ae;;offline;idling;-73.965844;40.79028;{}
0;vehicle;b3d59f2574824366a5088e425f441524;;offline;idling;-74.014783;40.704952;{}
0;vehicle;9142b3d5737540349d63c1858087406b;;offline;idling;-73.979135;40.777147;{}
0;vehicle;6b073205afeb4c5daa502d3de86ce0c0;;offline;idling;-73.979135;40.777147;{}
0;vehicle;bbbf629c1f1545eaac6d5c4b1cfaa010;;offline;idling;-73.972437;40.786491;{}
0;vehicle;b8517f45a58f4e8fbdd39b37d1f075fb;;offline;idling;-73.976192;40.744551;{}
0;vehicle;8bd77c1e53c043b5835f54c5d25b922e;;offline;idling;-73.946173;40.811612;{}
0;vehicle;76c1664be9034a48a25cac164d19157a;;offline;idling;-73.993241;40.752349;{}
0;vehicle;48c090e358944ccb912e98dab709fba5;;offline;idling;-73.943302;40.810476;{}
0;vehicle;9f948df5b6e44ad8a167fa516c634a57;;offline;idling;-73.936379;40.79445;{}
0;vehicle;1ace58e37ece4851aeeb21654fc1b530;;offline;idling;-73.937528;40.792971;{}
0;vehicle;8e301fbfd7844c909a0c1967affa3d90;;offline;idling;-73.938186;40.796639;{}
0;vehicle;3766a9639dc549b19b1640e94924d2fc;;offline;idling;-73.988593;40.741007;{}
0;vehicle;4ed05781b5ca4fc7a4fcb996d51ab7bc;;offline;idling;-73.987463;40.724394;{}
0;vehicle;3dd9ededbb924c2cae88c10d3810361f;;offline;idling;-73.945799;40.781603;{}
0;vehicle;484b83d8254144b38174255022282ac8;;offline;idling;-73.98243;40.785004;{}
0;vehicle;753470491b3f4b6ab02486f4b9183f9d;;offline;idling;-73.971854;40.762823;{}
0;vehicle;f7194ead66d7417fa375d274ad3635d8;;offline;idling;-73.946509;40.806088;{}
0;vehicle;f87a6daec5624d74b49457735108e241;;offline;idling;-73.998259;40.764355;{}
0;vehicle;4e60887130434903bda2dc04c820441a;;offline;idling;-73.960687;40.765837;{}
0;vehicle;656845d9f36244508885513cbce9cef1;;offline;idling;-73.980431;40.738717;{}
0;vehicle;70262de5dcf74153b11326809b80775c;;offline;idling;-73.980566;40.765002;{}
0;vehicle;188ff43bfdd74b4ea9c9fa9ec78d23df;;offline;idling;-73.997257;40.742;{}
0;vehicle;ac0b3a7ad17044a6b040fa219dd5bb69;;offline;idling;-73.965844;40.79028;{}
0;vehicle;8353236436e1415a85749ec9bd77d14c;;offline;idling;-73.990969;40.749406;{}
0;vehicle;de488ac93f284b39bfbc2e8f90ad2821;;offline;idling;-73.981456;40.744171;{}
0;vehicle;5ccba611cf8945f8b1c1e29df7846fc5;;offline;idling;-73.975664;40.77639;{}
2;booking;76a7abf718f640b0a4acd90f832170d8;;created;pending;-74.006462;40.732983;{"dropoff":{"lat":40.719875,"lon":-74.00544}}
2;vehicle;0eccbb469a424009b061b7f80f60f878;75891cb5f0d94ad9865e13b80ad8d307;idling;moving_to;-74.007047;40.72893;{"eta":9,"pickup":"76a7abf718f640b0a4acd90f832170d8","dst":{"lat":40.732983,"lon":-74.006462},"route_duration":6,"route_distance":0.455,"trip_duration":0,"trip_distance":0.0}
2;booking;76a7abf718f640b0a4acd90f832170d8;75891cb5f0d94ad9865e13b80ad8d307;pending;matched;-74.006462;40.732983;{"vid":"0eccbb469a424009b061b7f80f60f878"}
2;booking;76a7abf718f640b0a4acd90f832170d8;75891cb5f0d94ad9865e13b80ad8d307;matched;waiting_pickup;-74.006462;40.732983;{"vid":"0eccbb469a424009b061b7f80f60f878"}
5;booking;3a7e5735296a4f3cbe8fb4b6bc0ba52c;;created;pending;-73.992729;40.758106;{"dropoff":{"lat":40.713383,"lon":-74.010719}}
5;vehicle;3e9db6bb80f44fa2bed0a0cf8d1c5e7c;0a83b78daa8e4462bc2e09aa6e428b95;idling;moving_to;-73.99516;40.759494;{"eta":5,"pickup":"3a7e5735296a4f3cbe8fb4b6bc0ba52c","dst":{"lat":40.758106,"lon":-73.992729},"route_duration":3,"route_distance":0.279,"trip_duration":0,"trip_distance":0.0}
5;booking;3a7e5735296a4f3cbe8fb4b6bc0ba52c;0a83b78daa8e4462bc2e09aa6e428b95;pending;matched;-73.992729;40.758106;{"vid":"3e9db6bb80f44fa2bed0a0cf8d1c5e7c"}
5;booking;3a7e5735296a4f3cbe8fb4b6bc0ba52c;0a83b78daa8e4462bc2e09aa6e428b95;matched;waiting_pickup;-73.992729;40.758106;{"vid":"3e9db6bb80f44fa2bed0a0cf8d1c5e7c"}
6;booking;b2beb5a60c5c4084b1ad9c959115ee85;;created;pending;-73.98761;40.71999;{"dropoff":{"lat":40.746613,"lon":-73.977638}}
6;vehicle;55ca6b1a72b54a90850812734598e054;ee550770ee5944aea4a72fab9750f061;idling;moving_to;-73.98992;40.719812;{"eta":4,"pickup":"b2beb5a60c5c4084b1ad9c959115ee85","dst":{"lat":40.71999,"lon":-73.98761},"route_duration":8,"route_distance":0.524,"trip_duration":0,"trip_distance":0.0}
6;booking;b2beb5a60c5c4084b1ad9c959115ee85;ee550770ee5944aea4a72fab9750f061;pending;matched;-73.98761;40.71999;{"vid":"55ca6b1a72b54a90850812734598e054"}
6;booking;b2beb5a60c5c4084b1ad9c959115ee85;ee550770ee5944aea4a72fab9750f061;matched;waiting_pickup;-73.98761;40.71999;{"vid":"55ca6b1a72b54a90850812734598e054"}
7;booking;e6560895c642462197273eff57d9fb66;;created;pending;-74.005508;40.745811;{"dropoff":{"lat":40.748569,"lon":-73.988892}}
7;vehicle;98e33fa210444e909b5b20bae4e79802;9060fb0976924b65884d22624c1b7b65;idling;moving_to;-74.00298;40.739947;{"eta":13,"pickup":"e6560895c642462197273eff57d9fb66","dst":{"lat":40.745811,"lon":-74.005508},"route_duration":14,"route_distance":0.974,"trip_duration":0,"trip_distance":0.0}
7;booking;e6560895c642462197273eff57d9fb66;9060fb0976924b65884d22624c1b7b65;pending;matched;-74.005508;40.745811;{"vid":"98e33fa210444e909b5b20bae4e79802"}
7;booking;e6560895c642462197273eff57d9fb66;9060fb0976924b65884d22624c1b7b65;matched;waiting_pickup;-74.005508;40.745811;{"vid":"98e33fa210444e909b5b20bae4e79802"}
8;vehicle;3e9db6bb80f44fa2bed0a0cf8d1c5e7c;0a83b78daa8e4462bc2e09aa6e428b95;moving_to;idling;-73.992835;40.75815;{"stop":"arrived","eta":5,"pickup":"3a7e5735296a4f3cbe8fb4b6bc0ba52c","dst":{"lat":40.758106,"lon":-73.992729},"route_duration":3,"route_distance":0.279,"trip_duration":3,"trip_distance":0.279}
8;vehicle;0eccbb469a424009b061b7f80f60f878;75891cb5f0d94ad9865e13b80ad8d307;moving_to;idling;-74.006495;40.732986;{"stop":"arrived","eta":9,"pickup":"76a7abf718f640b0a4acd90f832170d8","dst":{"lat":40.732983,"lon":-74.006462},"route_duration":6,"route_distance":0.455,"trip_duration":6,"trip_distance":0.455}
8;booking;76a7abf718f640b0a4acd90f832170d8;75891cb5f0d94ad9865e13b80ad8d307;waiting_pickup;pickup;-74.006462;40.732983;{"vid":"0eccbb469a424009b061b7f80f60f878"}
8;vehicle;0eccbb469a424009b061b7f80f60f878;75891cb5f0d94ad9865e13b80ad8d307;idling;moving_to;-74.006495;40.732986;{"dropoff":"76a7abf718f640b0a4acd90f832170d8","dst":{"lat":40.719875,"lon":-74.00544},"route_duration":28,"route_distance":2.053,"trip_duration":0,"trip_distance":0.0}
8;booking;76a7abf718f640b0a4acd90f832170d8;75891cb5f0d94ad9865e13b80ad8d307;pickup;waiting_dropoff;-74.006462;40.732983;{"vid":"0eccbb469a424009b061b7f80f60f878"}
8;booking;3a7e5735296a4f3cbe8fb4b6bc0ba52c;0a83b78daa8e4462bc2e09aa6e428b95;waiting_pickup;pickup;-73.992729;40.758106;{"vid":"3e9db6bb80f44fa2bed0a0cf8d1c5e7c"}
8;vehicle;3e9db6bb80f44fa2bed0a0cf8d1c5e7c;0a83b78daa8e4462bc2e09aa6e428b95;idling;moving_to;-73.992835;40.75815;{"dropoff":"3a7e5735296a4f3cbe8fb4b6bc0ba52c","dst":{"lat":40.713383,"lon":-74.010719},"route_duration":65,"route_distance":6.194,"trip_duration":0,"trip_distance":0.0}
8;booking;3a7e5735296a4f3cbe8fb4b6bc0ba52c;0a83b78daa8e4462bc2e09aa6e428b95;pickup;waiting_dropoff;-73.992729;40.758106;{"vid":"3e9db6bb80f44fa2bed0a0cf8d1c5e7c"}
9;booking;3f220398e9f142e594e642d1856c7ea5;;created;pending;-73.994034;40.726551;{"dropoff":{"lat":40.739079,"lon":-73.976898}}
9;vehicle;1091c76c6f764abd960fb4c21f4af754;ab42a2dc23c34ffcbb6164d7b0d344eb;idling;moving_to;-73.995089;40.727428;{"eta":3,"pickup":"3f220398e9f142e594e642d1856c7ea5","dst":{"lat":40.726551,"lon":-73.994034},"route_duration":3,"route_distance":0.156,"trip_duration":0,"trip_distance":0.0}
9;booking;3f220398e9f142e594e642d1856c7ea5;ab42a2dc23c34ffcbb6164d7b0d344eb;pending;matched;-73.994034;40.726551;{"vid":"1091c76c6f764abd960fb4c21f4af754"}
9;booking;3f220398e9f142e594e642d1856c7ea5;ab42a2dc23c34ffcbb6164d7b0d344eb;matched;waiting_pickup;-73.994034;40.726551;{"vid":"1091c76c6f764abd960fb4c21f4af754"}
11;booking;966cffa1ef5f43c0a987220e5d0f5f7e;;created;pending;-73.977669;40.725864;{"dropoff":{"lat":40.721775,"lon":-73.975327}}
11;vehicle;0d8f50cb001b4e0eaa588d69f123906c;73518206cad2440f96b583d70435a91f;idling;moving_to;-73.977938;40.72605;{"eta":1,"pickup":"966cffa1ef5f43c0a987220e5d0f5f7e","dst":{"lat":40.725864,"lon":-73.977669},"route_duration":1,"route_distance":0.03,"trip_duration":0,"trip_distance":0.0}
11;booking;966cffa1ef5f43c0a987220e5d0f5f7e;73518206cad2440f96b583d70435a91f;pending;matched;-73.977669;40.725864;{"vid":"0d8f50cb001b4e0eaa588d69f123906c"}
11;booking;966cffa1ef5f43c0a987220e5d0f5f7e;73518206cad2440f96b583d70435a91f;matched;waiting_pickup;-73.977669;40.725864;{"vid":"0d8f50cb001b4e0eaa588d69f123906c"}
12;vehicle;1091c76c6f764abd960fb4c21f4af754;ab42a2dc23c34ffcbb6164d7b0d344eb;moving_to;idling;-73.994008;40.726581;{"stop":"arrived","eta":3,"pickup":"3f220398e9f142e594e642d1856c7ea5","dst":{"lat":40.726551,"lon":-73.994034},"route_duration":3,"route_distance":0.156,"trip_duration":3,"trip_distance":0.156}
12;vehicle;0d8f50cb001b4e0eaa588d69f123906c;73518206cad2440f96b583d70435a91f;moving_to;idling;-73.977628;40.725921;{"stop":"arrived","eta":1,"pickup":"966cffa1ef5f43c0a987220e5d0f5f7e","dst":{"lat":40.725864,"lon":-73.977669},"route_duration":1,"route_distance":0.03,"trip_duration":1,"trip_distance":0.03}
12;booking;3f220398e9f142e594e642d1856c7ea5;ab42a2dc23c34ffcbb6164d7b0d344eb;waiting_pickup;pickup;-73.994034;40.726551;{"vid":"1091c76c6f764abd960fb4c21f4af754"}
12;vehicle;1091c76c6f764abd960fb4c21f4af754;ab42a2dc23c34ffcbb6164d7b0d344eb;idling;moving_to;-73.994008;40.726581;{"dropoff":"3f220398e9f142e594e642d1856c7ea5","dst":{"lat":40.739079,"lon":-73.976898},"route_duration":33,"route_distance":2.507,"trip_duration":0,"trip_distance":0.0}
12;booking;3f220398e9f142e594e642d1856c7ea5;ab42a2dc23c34ffcbb6164d7b0d344eb;pickup;waiting_dropoff;-73.994034;40.726551;{"vid":"1091c76c6f764abd960fb4c21f4af754"}
12;booking;966cffa1ef5f43c0a987220e5d0f5f7e;73518206cad2440f96b583d70435a91f;waiting_pickup;pickup;-73.977669;40.725864;{"vid":"0d8f50cb001b4e0eaa588d69f123906c"}
12;vehicle;0d8f50cb001b4e0eaa588d69f123906c;73518206cad2440f96b583d70435a91f;idling;moving_to;-73.977628;40.725921;{"dropoff":"966cffa1ef5f43c0a987220e5d0f5f7e","dst":{"lat":40.721775,"lon":-73.975327},"route_duration":11,"route_distance":0.768,"trip_duration":0,"trip_distance":0.0}
12;booking;966cffa1ef5f43c0a987220e5d0f5f7e;73518206cad2440f96b583d70435a91f;pickup;waiting_dropoff;-73.977669;40.725864;{"vid":"0d8f50cb001b4e0eaa588d69f123906c"}
14;booking;8edf9aa06df3475da33ec54b6c578bbb;;created;pending;-73.9897;40.756958;{"dropoff":{"lat":40.766171,"lon":-73.985748}}
14;vehicle;55ca6b1a72b54a90850812734598e054;ee550770ee5944aea4a72fab9750f061;moving_to;idling;-73.987481;40.719952;{"stop":"arrived","eta":4,"pickup":"b2beb5a60c5c4084b1ad9c959115ee85","dst":{"lat":40.71999,"lon":-73.98761},"route_duration":8,"route_distance":0.524,"trip_duration":8,"trip_distance":0.524}
14;booking;b2beb5a60c5c4084b1ad9c959115ee85;ee550770ee5944aea4a72fab9750f061;waiting_pickup;pickup;-73.98761;40.71999;{"vid":"55ca6b1a72b54a90850812734598e054"}
14;vehicle;55ca6b1a72b54a90850812734598e054;ee550770ee5944aea4a72fab9750f061;idling;moving_to;-73.987481;40.719952;{"dropoff":"b2beb5a60c5c4084b1ad9c959115ee85","dst":{"lat":40.746613,"lon":-73.977638},"route_duration":48,"route_distance":4.875,"trip_duration":0,"trip_distance":0.0}
14;booking;b2beb5a60c5c4084b1ad9c959115ee85;ee550770ee5944aea4a72fab9750f061;pickup;waiting_dropoff;-73.98761;40.71999;{"vid":"55ca6b1a72b54a90850812734598e054"}
14;vehicle;84d0fa76bdb44fce992606777d4adcaf;e7f3478c35b147bdae85b2e427177650;idling;moving_to;-73.986024;40.755647;{"eta":7,"pickup":"8edf9aa06df3475da33ec54b6c578bbb","dst":{"lat":40.756958,"lon":-73.9897},"route_duration":9,"route_distance":0.535,"trip_duration":0,"trip_distance":0.0}
14;booking;8edf9aa06df3475da33ec54b6c578bbb;e7f3478c35b147bdae85b2e427177650;pending;matched;-73.9897;40.756958;{"vid":"84d0fa76bdb44fce992606777d4adcaf"}
14;booking;8edf9aa06df3475da33ec54b6c578bbb;e7f3478c35b147bdae85b2e427177650;matched;waiting_pickup;-73.9897;40.756958;{"vid":"84d0fa76bdb44fce992606777d4adcaf"}
16;booking;f614b760e54c4be9abbefd361c1e5a69;;created;pending;-73.972061;40.756859;{"dropoff":{"lat":40.790321,"lon":-73.95192}}
16;vehicle;f26cac742dd147bc83771abfc5cf7d33;609b63cc7e0643229d3b91e0f726ee19;idling;moving_to;-73.97207;40.756376;{"eta":2,"pickup":"f614b760e54c4be9abbefd361c1e5a69","dst":{"lat":40.756859,"lon":-73.972061},"route_duration":6,"route_distance":0.393,"trip_duration":0,"trip_distance":0.0}
16;booking;f614b760e54c4be9abbefd361c1e5a69;609b63cc7e0643229d3b91e0f726ee19;pending;matched;-73.972061;40.756859;{"vid":"f26cac742dd147bc83771abfc5cf7d33"}
16;booking;f614b760e54c4be9abbefd361c1e5a69;609b63cc7e0643229d3b91e0f726ee19;matched;waiting_pickup;-73.972061;40.756859;{"vid":"f26cac742dd147bc83771abfc5cf7d33"}
21;vehicle;98e33fa210444e909b5b20bae4e79802;9060fb0976924b65884d22624c1b7b65;moving_to;idling;-74.005512;40.745806;{"stop":"arrived","eta":13,"pickup":"e6560895c642462197273eff57d9fb66","dst":{"lat":40.745811,"lon":-74.005508},"route_duration":14,"route_distance":0.974,"trip_duration":14,"trip_distance":0.974}
21;booking;e6560895c642462197273eff57d9fb66;9060fb0976924b65884d22624c1b7b65;waiting_pickup;pickup;-74.005508;40.745811;{"vid":"98e33fa210444e909b5b20bae4e79802"}
21;vehicle;98e33fa210444e909b5b20bae4e79802;9060fb0976924b65884d22624c1b7b65;idling;moving_to;-74.005512;40.745806;{"dropoff":"e6560895c642462197273eff57d9fb66","dst":{"lat":40.748569,"lon":-73.988892},"route_duration":32,"route_distance":2.357,"trip_duration":0,"trip_distance":0.0}
21;booking;e6560895c642462197273eff57d9fb66;9060fb0976924b65884d22624c1b7b65;pickup;waiting_dropoff;-74.005508;40.745811;{"vid":"98e33fa210444e909b5b20bae4e79802"}
22;vehicle;f26cac742dd147bc83771abfc5cf7d33;609b63cc7e0643229d3b91e0f726ee19;moving_to;idling;-73.972091;40.756871;{"stop":"arrived","eta":2,"pickup":"f614b760e54c4be9abbefd361c1e5a69","dst":{"lat":40.756859,"lon":-73.972061},"route_duration":6,"route_distance":0.393,"trip_duration":6,"trip_distance":0.393}
22;booking;f614b760e54c4be9abbefd361c1e5a69;609b63cc7e0643229d3b91e0f726ee19;waiting_pickup;pickup;-73.972061;40.756859;{"vid":"f26cac742dd147bc83771abfc5cf7d33"}
22;vehicle;f26cac742dd147bc83771abfc5cf7d33;609b63cc7e0643229d3b91e0f726ee19;idling;moving_to;-73.972091;40.756871;{"dropoff":"f614b760e54c4be9abbefd361c1e5a69","dst":{"lat":40.790321,"lon":-73.95192},"route_duration":41,"route_distance":6.784,"trip_duration":0,"trip_distance":0.0}
22;booking;f614b760e54c4be9abbefd361c1e5a69;609b63cc7e0643229d3b91e0f726ee19;pickup;waiting_dropoff;-73.972061;40.756859;{"vid":"f26cac742dd147bc83771abfc5cf7d33"}
23;vehicle;0d8f50cb001b4e0eaa588d69f123906c;73518206cad2440f96b583d70435a91f;moving_to;idling;-73.975285;40.721833;{"stop":"arrived","dropoff":"966cffa1ef5f43c0a987220e5d0f5f7e","dst":{"lat":40.721775,"lon":-73.975327},"route_duration":11,"route_distance":0.768,"trip_duration":11,"trip_distance":0.768}
23;vehicle;84d0fa76bdb44fce992606777d4adcaf;e7f3478c35b147bdae85b2e427177650;moving_to;idling;-73.989924;40.757051;{"stop":"arrived","eta":7,"pickup":"8edf9aa06df3475da33ec54b6c578bbb","dst":{"lat":40.756958,"lon":-73.9897},"route_duration":9,"route_distance":0.535,"trip_duration":9,"trip_distance":0.535}
23;booking;966cffa1ef5f43c0a987220e5d0f5f7e;73518206cad2440f96b583d70435a91f;waiting_dropoff;dropoff;-73.975327;40.721775;{"vid":"0d8f50cb001b4e0eaa588d69f123906c"}
23;booking;966cffa1ef5f43c0a987220e5d0f5f7e;73518206cad2440f96b583d70435a91f;dropoff;complete;-73.975327;40.721775;{"vid":"0d8f50cb001b4e0eaa588d69f123906c"}
23;booking;8edf9aa06df3475da33ec54b6c578bbb;e7f3478c35b147bdae85b2e427177650;waiting_pickup;pickup;-73.9897;40.756958;{"vid":"84d0fa76bdb44fce992606777d4adcaf"}
23;vehicle;84d0fa76bdb44fce992606777d4adcaf;e7f3478c35b147bdae85b2e427177650;idling;moving_to;-73.989924;40.757051;{"dropoff":"8edf9aa06df3475da33ec54b6c578bbb","dst":{"lat":40.766171,"lon":-73.985748},"route_duration":18,"route_distance":1.245,"trip_duration":0,"trip_distance":0.0}
23;booking;8edf9aa06df3475da33ec54b6c578bbb;e7f3478c35b147bdae85b2e427177650;pickup;waiting_dropoff;-73.9897;40.756958;{"vid":"84d0fa76bdb44fce992606777d4adcaf"}
28;booking;f94f25d05b964346b7abe3a384feaaa4;;created;pending;-73.962395;40.767956;{"dropoff":{"lat":40.742649,"lon":-73.992569}}
28;vehicle;44d714f04ac24b23ae9861a2b60e8f32;ce40458e5bfc40f6824e6289a0dd53f5;idling;moving_to;-73.964815;40.767351;{"eta":4,"pickup":"f94f25d05b964346b7abe3a384feaaa4","dst":{"lat":40.767956,"lon":-73.962395},"route_duration":10,"route_distance":0.611,"trip_duration":0,"trip_distance":0.0}
28;booking;f94f25d05b964346b7abe3a384feaaa4;ce40458e5bfc40f6824e6289a0dd53f5;pending;matched;-73.962395;40.767956;{"vid":"44d714f04ac24b23ae9861a2b60e8f32"}
28;booking;f94f25d05b964346b7abe3a384feaaa4;ce40458e5bfc40f6824e6289a0dd53f5;matched;waiting_pickup;-73.962395;40.767956;{"vid":"44d714f04ac24b23ae9861a2b60e8f32"}
31;booking;757122c8f55e444aa6c90454d37f9204;;created;pending;-73.948669;40.777908;{"dropoff":{"lat":40.791599,"lon":-73.968498}}
31;vehicle;58b2174d844040cdb17afbb8d6ab9e09;018133233143415393613f829595a567;idling;moving_to;-73.951646;40.778013;{"eta":5,"pickup":"757122c8f55e444aa6c90454d37f9204","dst":{"lat":40.777908,"lon":-73.948669},"route_duration":5,"route_distance":0.372,"trip_duration":0,"trip_distance":0.0}
31;booking;757122c8f55e444aa6c90454d37f9204;018133233143415393613f829595a567;pending;matched;-73.948669;40.777908;{"vid":"58b2174d844040cdb17afbb8d6ab9e09"}
31;booking;757122c8f55e444aa6c90454d37f9204;018133233143415393613f829595a567;matched;waiting_pickup;-73.948669;40.777908;{"vid":"58b2174d844040cdb17afbb8d6ab9e09"}
32;booking;d818bac7f4d04fa7881c0324f39a2518;;created;pending;-73.949875;40.795937;{"dropoff":{"lat":40.763741,"lon":-73.975731}}
32;vehicle;992d4e7e365c4adf8f8455f052e07455;c5dd64ac7b2241e8af1b55717a21908b;idling;moving_to;-73.955086;40.799352;{"eta":11,"pickup":"d818bac7f4d04fa7881c0324f39a2518","dst":{"lat":40.795937,"lon":-73.949875},"route_duration":6,"route_distance":0.666,"trip_duration":0,"trip_distance":0.0}
32;booking;d818bac7f4d04fa7881c0324f39a2518;c5dd64ac7b2241e8af1b55717a21908b;pending;matched;-73.949875;40.795937;{"vid":"992d4e7e365c4adf8f8455f052e07455"}
32;booking;d818bac7f4d04fa7881c0324f39a2518;c5dd64ac7b2241e8af1b55717a21908b;matched;waiting_pickup;-73.949875;40.795937;{"vid":"992d4e7e365c4adf8f8455f052e07455"}
36;vehicle;0eccbb469a424009b061b7f80f60f878;75891cb5f0d94ad9865e13b80ad8d307;moving_to;idling;-74.005382;40.719946;{"stop":"arrived","dropoff":"76a7abf718f640b0a4acd90f832170d8","dst":{"lat":40.719875,"lon":-74.00544},"route_duration":28,"route_distance":2.053,"trip_duration":28,"trip_distance":2.053}
36;vehicle;58b2174d844040cdb17afbb8d6ab9e09;018133233143415393613f829595a567;moving_to;idling;-73.948633;40.777893;{"stop":"arrived","eta":5,"pickup":"757122c8f55e444aa6c90454d37f9204","dst":{"lat":40.777908,"lon":-73.948669},"route_duration":5,"route_distance":0.372,"trip_duration":5,"trip_distance":0.372}
36;booking;76a7abf718f640b0a4acd90f832170d8;75891cb5f0d94ad9865e13b80ad8d307;waiting_dropoff;dropoff;-74.00544;40.719875;{"vid":"0eccbb469a424009b061b7f80f60f878"}
36;booking;76a7abf718f640b0a4acd90f832170d8;75891cb5f0d94ad9865e13b80ad8d307;dropoff;complete;-74.00544;40.719875;{"vid":"0eccbb469a424009b061b7f80f60f878"}
36;booking;757122c8f55e444aa6c90454d37f9204;018133233143415393613f829595a567;waiting_pickup;pickup;-73.948669;40.777908;{"vid":"58b2174d844040cdb17afbb8d6ab9e09"}
36;vehicle;58b2174d844040cdb17afbb8d6ab9e09;018133233143415393613f829595a567;idling;moving_to;-73.948633;40.777893;{"dropoff":"757122c8f55e444aa6c90454d37f9204","dst":{"lat":40.791599,"lon":-73.968498},"route_duration":35,"route_distance":3.225,"trip_duration":0,"trip_distance":0.0}
36;booking;757122c8f55e444aa6c90454d37f9204;018133233143415393613f829595a567;pickup;waiting_dropoff;-73.948669;40.777908;{"vid":"58b2174d844040cdb17afbb8d6ab9e09"}
38;booking;36275d3024c54b1d94fe3a46088afadf;;created;pending;-73.946281;40.781296;{"dropoff":{"lat":40.766312,"lon":-73.953903}}
38;vehicle;992d4e7e365c4adf8f8455f052e07455;c5dd64ac7b2241e8af1b55717a21908b;moving_to;idling;-73.949896;40.795946;{"stop":"arrived","eta":11,"pickup":"d818bac7f4d04fa7881c0324f39a2518","dst":{"lat":40.795937,"lon":-73.949875},"route_duration":6,"route_distance":0.666,"trip_duration":6,"trip_distance":0.666}
38;vehicle;44d714f04ac24b23ae9861a2b60e8f32;ce40458e5bfc40f6824e6289a0dd53f5;moving_to;idling;-73.962388;40.767965;{"stop":"arrived","eta":4,"pickup":"f94f25d05b964346b7abe3a384feaaa4","dst":{"lat":40.767956,"lon":-73.962395},"route_duration":10,"route_distance":0.611,"trip_duration":10,"trip_distance":0.611}
38;booking;f94f25d05b964346b7abe3a384feaaa4;ce40458e5bfc40f6824e6289a0dd53f5;waiting_pickup;pickup;-73.962395;40.767956;{"vid":"44d714f04ac24b23ae9861a2b60e8f32"}
38;vehicle;44d714f04ac24b23ae9861a2b60e8f32;ce40458e5bfc40f6824e6289a0dd53f5;idling;moving_to;-73.962388;40.767965;{"dropoff":"f94f25d05b964346b7abe3a384feaaa4","dst":{"lat":40.742649,"lon":-73.992569},"route_duration":49,"route_distance":4.546,"trip_duration":0,"trip_distance":0.0}
38;booking;f94f25d05b964346b7abe3a384feaaa4;ce40458e5bfc40f6824e6289a0dd53f5;pickup;waiting_dropoff;-73.962395;40.767956;{"vid":"44d714f04ac24b23ae9861a2b60e8f32"}
38;booking;d818bac7f4d04fa7881c0324f39a2518;c5dd64ac7b2241e8af1b55717a21908b;waiting_pickup;pickup;-73.949875;40.795937;{"vid":"992d4e7e365c4adf8f8455f052e07455"}
38;vehicle;992d4e7e365c4adf8f8455f052e07455;c5dd64ac7b2241e8af1b55717a21908b;idling;moving_to;-73.949896;40.795946;{"dropoff":"d818bac7f4d04fa7881c0324f39a2518","dst":{"lat":40.763741,"lon":-73.975731},"route_duration":41,"route_distance":4.363,"trip_duration":0,"trip_distance":0.0}
38;booking;d818bac7f4d04fa7881c0324f39a2518;c5dd64ac7b2241e8af1b55717a21908b;pickup;waiting_dropoff;-73.949875;40.795937;{"vid":"992d4e7e365c4adf8f8455f052e07455"}
38;vehicle;3dd9ededbb924c2cae88c10d3810361f;81dce30f20e24d5c9295b09dfd88efac;idling;moving_to;-73.945895;40.781644;{"eta":1,"pickup":"36275d3024c54b1d94fe3a46088afadf","dst":{"lat":40.781296,"lon":-73.946281},"route_duration":10,"route_distance":0.73,"trip_duration":0,"trip_distance":0.0}
38;booking;36275d3024c54b1d94fe3a46088afadf;81dce30f20e24d5c9295b09dfd88efac;pending;matched;-73.946281;40.781296;{"vid":"3dd9ededbb924c2cae88c10d3810361f"}
38;booking;36275d3024c54b1d94fe3a46088afadf;81dce30f20e24d5c9295b09dfd88efac;matched;waiting_pickup;-73.946281;40.781296;{"vid":"3dd9ededbb924c2cae88c10d3810361f"}
41;vehicle;84d0fa76bdb44fce992606777d4adcaf;e7f3478c35b147bdae85b2e427177650;moving_to;idling;-73.985718;40.766212;{"stop":"arrived","dropoff":"8edf9aa06df3475da33ec54b6c578bbb","dst":{"lat":40.766171,"lon":-73.985748},"route_duration":18,"route_distance":1.245,"trip_duration":18,"trip_distance":1.245}
41;booking;8edf9aa06df3475da33ec54b6c578bbb;e7f3478c35b147bdae85b2e427177650;waiting_dropoff;dropoff;-73.985748;40.766171;{"vid":"84d0fa76bdb44fce992606777d4adcaf"}
41;booking;8edf9aa06df3475da33ec54b6c578bbb;e7f3478c35b147bdae85b2e427177650;dropoff;complete;-73.985748;40.766171;{"vid":"84d0fa76bdb44fce992606777d4adcaf"}
42;booking;0cf6fec8b5b04d7b975783d7869d9f28;;created;pending;-74.008453;40.711498;{"dropoff":{"lat":40.750011,"lon":-73.994255}}
42;vehicle;0f27364998304d64877418c6119be010;f66f13907efc489787db2506f8945dc3;idling;moving_to;-74.00688;40.711832;{"eta":3,"pickup":"0cf6fec8b5b04d7b975783d7869d9f28","dst":{"lat":40.711498,"lon":-74.008453},"route_duration":4,"route_distance":0.185,"trip_duration":0,"trip_distance":0.0}
42;booking;0cf6fec8b5b04d7b975783d7869d9f28;f66f13907efc489787db2506f8945dc3;pending;matched;-74.008453;40.711498;{"vid":"0f27364998304d64877418c6119be010"}
42;booking;0cf6fec8b5b04d7b975783d7869d9f28;f66f13907efc489787db2506f8945dc3;matched;waiting_pickup;-74.008453;40.711498;{"vid":"0f27364998304d64877418c6119be010"}
45;vehicle;1091c76c6f764abd960fb4c21f4af754;ab42a2dc23c34ffcbb6164d7b0d344eb;moving_to;idling;-73.976931;40.739093;{"stop":"arrived","dropoff":"3f220398e9f142e594e642d1856c7ea5","dst":{"lat":40.739079,"lon":-73.976898},"route_duration":33,"route_distance":2.507,"trip_duration":33,"trip_distance":2.507}
45;booking;3f220398e9f142e594e642d1856c7ea5;ab42a2dc23c34ffcbb6164d7b0d344eb;waiting_dropoff;dropoff;-73.976898;40.739079;{"vid":"1091c76c6f764abd960fb4c21f4af754"}
45;booking;3f220398e9f142e594e642d1856c7ea5;ab42a2dc23c34ffcbb6164d7b0d344eb;dropoff;complete;-73.976898;40.739079;{"vid":"1091c76c6f764abd960fb4c21f4af754"}
46;booking;28b1bca4511b423fa63196c31fa7e84e;;created;pending;-73.978119;40.741886;{"dropoff":{"lat":40.755795,"lon":-73.967903}}
46;vehicle;0f27364998304d64877418c6119be010;f66f13907efc489787db2506f8945dc3;moving_to;idling;-74.008516;40.711529;{"stop":"arrived","eta":3,"pickup":"0cf6fec8b5b04d7b975783d7869d9f28","dst":{"lat":40.711498,"lon":-74.008453},"route_duration":4,"route_distance":0.185,"trip_duration":4,"trip_distance":0.185}
46;booking;0cf6fec8b5b04d7b975783d7869d9f28;f66f13907efc489787db2506f8945dc3;waiting_pickup;pickup;-74.008453;40.711498;{"vid":"0f27364998304d64877418c6119be010"}
46;vehicle;0f27364998304d64877418c6119be010;f66f13907efc489787db2506f8945dc3;idling;moving_to;-74.008516;40.711529;{"dropoff":"0cf6fec8b5b04d7b975783d7869d9f28","dst":{"lat":40.750011,"lon":-73.994255},"route_duration":71,"route_distance":5.197,"trip_duration":0,"trip_distance":0.0}
46;booking;0cf6fec8b5b04d7b975783d7869d9f28;f66f13907efc489787db2506f8945dc3;pickup;waiting_dropoff;-74.008453;40.711498;{"vid":"0f27364998304d64877418c6119be010"}
46;vehicle;0b051e065bcc40e89745afdabcd5031c;5d23764b59fa432bbaa642410b031cb6;idling;moving_to;-73.977609;40.742438;{"eta":2,"pickup":"28b1bca4511b423fa63196c31fa7e84e","dst":{"lat":40.741886,"lon":-73.978119},"route_duration":2,"route_distance":0.075,"trip_duration":0,"trip_distance":0.0}
46;booking;28b1bca4511b423fa63196c31fa7e84e;5d23764b59fa432bbaa642410b031cb6;pending;matched;-73.978119;40.741886;{"vid":"0b051e065bcc40e89745afdabcd5031c"}
46;booking;28b1bca4511b423fa63196c31fa7e84e;5d23764b59fa432bbaa642410b031cb6;matched;waiting_pickup;-73.978119;40.741886;{"vid":"0b051e065bcc40e89745afdabcd5031c"}
48;booking;6097fdf5fddd46598d22896d3c3ed741;;created;pending;-74.003166;40.727848;{"dropoff":{"lat":40.71508,"lon":-74.013321}}
48;vehicle;0b051e065bcc40e89745afdabcd5031c;5d23764b59fa432bbaa642410b031cb6;moving_to;idling;-73.978042;40.741853;{"stop":"arrived","eta":2,"pickup":"28b1bca4511b423fa63196c31fa7e84e","dst":{"lat":40.741886,"lon":-73.978119},"route_duration":2,"route_distance":0.075,"trip_duration":2,"trip_distance":0.075}
48;vehicle;3dd9ededbb924c2cae88c10d3810361f;81dce30f20e24d5c9295b09dfd88efac;moving_to;idling;-73.94624;40.781348;{"stop":"arrived","eta":1,"pickup":"36275d3024c54b1d94fe3a46088afadf","dst":{"lat":40.781296,"lon":-73.946281},"route_duration":10,"route_distance":0.73,"trip_duration":10,"trip_distance":0.73}
48;booking;36275d3024c54b1d94fe3a46088afadf;81dce30f20e24d5c9295b09dfd88efac;waiting_pickup;pickup;-73.946281;40.781296;{"vid":"3dd9ededbb924c2cae88c10d3810361f"}
48;vehicle;3dd9ededbb924c2cae88c10d3810361f;81dce30f20e24d5c9295b09dfd88efac;idling;moving_to;-73.94624;40.781348;{"dropoff":"36275d3024c54b1d94fe3a46088afadf","dst":{"lat":40.766312,"lon":-73.953903},"route_duration":23,"route_distance":2.9,"trip_duration":0,"trip_distance":0.0}
48;booking;36275d3024c54b1d94fe3a46088afadf;81dce30f20e24d5c9295b09dfd88efac;pickup;waiting_dropoff;-73.946281;40.781296;{"vid":"3dd9ededbb924c2cae88c10d3810361f"}
48;booking;28b1bca4511b423fa63196c31fa7e84e;5d23764b59fa432bbaa642410b031cb6;waiting_pickup;pickup;-73.978119;40.741886;{"vid":"0b051e065bcc40e89745afdabcd5031c"}
48;vehicle;0b051e065bcc40e89745afdabcd5031c;5d23764b59fa432bbaa642410b031cb6;idling;moving_to;-73.978042;40.741853;{"dropoff":"28b1bca4511b423fa63196c31fa7e84e","dst":{"lat":40.755795,"lon":-73.967903},"route_duration":25,"route_distance":2.34,"trip_duration":0,"trip_distance":0.0}
48;booking;28b1bca4511b423fa63196c31fa7e84e;5d23764b59fa432bbaa642410b031cb6;pickup;waiting_dropoff;-73.978119;40.741886;{"vid":"0b051e065bcc40e89745afdabcd5031c"}
48;vehicle;3d0f556b294d494194f922cf56c4f7f1;878eb58a18a34df79a6dbba915e1c89e;idling;moving_to;-73.999711;40.726762;{"eta":6,"pickup":"6097fdf5fddd46598d22896d3c3ed741","dst":{"lat":40.727848,"lon":-74.003166},"route_duration":9,"route_distance":0.638,"trip_duration":0,"trip_distance":0.0}
48;booking;6097fdf5fddd46598d22896d3c3ed741;878eb58a18a34df79a6dbba915e1c89e;pending;matched;-74.003166;40.727848;{"vid":"3d0f556b294d494194f922cf56c4f7f1"}
48;booking;6097fdf5fddd46598d22896d3c3ed741;878eb58a18a34df79a6dbba915e1c89e;matched;waiting_pickup;-74.003166;40.727848;{"vid":"3d0f556b294d494194f922cf56c4f7f1"}
50;booking;1bb1830bd024469ca5d209d3a4d8cb36;;created;pending;-73.954277;40.774632;{"dropoff":{"lat":40.748615,"lon":-73.98703}}
50;booking;0aebe2e17e0345bcbc5b9d728877793b;;created;pending;-73.982285;40.77552;{"dropoff":{"lat":40.750107,"lon":-73.99131}}
50;vehicle;82a4bdb4af6842598bf78b4a367d62d8;eea75be0a8ff4922a3c4ff2e28c42d3d;idling;moving_to;-73.952981;40.776178;{"eta":4,"pickup":"1bb1830bd024469ca5d209d3a4d8cb36","dst":{"lat":40.774632,"lon":-73.954277},"route_duration":4,"route_distance":0.207,"trip_duration":0,"trip_distance":0.0}
50;booking;1bb1830bd024469ca5d209d3a4d8cb36;eea75be0a8ff4922a3c4ff2e28c42d3d;pending;matched;-73.954277;40.774632;{"vid":"82a4bdb4af6842598bf78b4a367d62d8"}
50;booking;1bb1830bd024469ca5d209d3a4d8cb36;eea75be0a8ff4922a3c4ff2e28c42d3d;matched;waiting_pickup;-73.954277;40.774632;{"vid":"82a4bdb4af6842598bf78b4a367d62d8"}
50;vehicle;d5ec53f347de4a71b921781f4dec8091;3cc5fef9912341fe9696ef3851a3ac06;idling;moving_to;-73.982109;40.774161;{"eta":3,"pickup":"0aebe2e17e0345bcbc5b9d728877793b","dst":{"lat":40.77552,"lon":-73.982285},"route_duration":5,"route_distance":0.348,"trip_duration":0,"trip_distance":0.0}
50;booking;0aebe2e17e0345bcbc5b9d728877793b;3cc5fef9912341fe9696ef3851a3ac06;pending;matched;-73.982285;40.77552;{"vid":"d5ec53f347de4a71b921781f4dec8091"}
50;booking;0aebe2e17e0345bcbc5b9d728877793b;3cc5fef9912341fe9696ef3851a3ac06;matched;waiting_pickup;-73.982285;40.77552;{"vid":"d5ec53f347de4a71b921781f4dec8091"}
53;vehicle;98e33fa210444e909b5b20bae4e79802;9060fb0976924b65884d22624c1b7b65;moving_to;idling;-73.988877;40.748589;{"stop":"arrived","dropoff":"e6560895c642462197273eff57d9fb66","dst":{"lat":40.748569,"lon":-73.988892},"route_duration":32,"route_distance":2.357,"trip_duration":32,"trip_distance":2.357}
53;booking;e6560895c642462197273eff57d9fb66;9060fb0976924b65884d22624c1b7b65;waiting_dropoff;dropoff;-73.988892;40.748569;{"vid":"98e33fa210444e909b5b20bae4e79802"}
53;booking;e6560895c642462197273eff57d9fb66;9060fb0976924b65884d22624c1b7b65;dropoff;complete;-73.988892;40.748569;{"vid":"98e33fa210444e909b5b20bae4e79802"}
54;vehicle;82a4bdb4af6842598bf78b4a367d62d8;eea75be0a8ff4922a3c4ff2e28c42d3d;moving_to;idling;-73.954227;40.7747;{"stop":"arrived","eta":4,"pickup":"1bb1830bd024469ca5d209d3a4d8cb36","dst":{"lat":40.774632,"lon":-73.954277},"route_duration":4,"route_distance":0.207,"trip_duration":4,"trip_distance":0.207}
54;booking;1bb1830bd024469ca5d209d3a4d8cb36;eea75be0a8ff4922a3c4ff2e28c42d3d;waiting_pickup;pickup;-73.954277;40.774632;{"vid":"82a4bdb4af6842598bf78b4a367d62d8"}
54;vehicle;82a4bdb4af6842598bf78b4a367d62d8;eea75be0a8ff4922a3c4ff2e28c42d3d;idling;moving_to;-73.954227;40.7747;{"dropoff":"1bb1830bd024469ca5d209d3a4d8cb36","dst":{"lat":40.748615,"lon":-73.98703},"route_duration":45,"route_distance":6.712,"trip_duration":0,"trip_distance":0.0}
54;booking;1bb1830bd024469ca5d209d3a4d8cb36;eea75be0a8ff4922a3c4ff2e28c42d3d;pickup;waiting_dropoff;-73.954277;40.774632;{"vid":"82a4bdb4af6842598bf78b4a367d62d8"}
55;booking;e113915251dc4b42a3034f645d3373fa;;created;pending;-73.988579;40.740883;{"dropoff":{"lat":40.743847,"lon":-73.983704}}
55;vehicle;d5ec53f347de4a71b921781f4dec8091;3cc5fef9912341fe9696ef3851a3ac06;moving_to;idling;-73.982283;40.77552;{"stop":"arrived","eta":3,"pickup":"0aebe2e17e0345bcbc5b9d728877793b","dst":{"lat":40.77552,"lon":-73.982285},"route_duration":5,"route_distance":0.348,"trip_duration":5,"trip_distance":0.348}
55;booking;0aebe2e17e0345bcbc5b9d728877793b;3cc5fef9912341fe9696ef3851a3ac06;waiting_pickup;pickup;-73.982285;40.77552;{"vid":"d5ec53f347de4a71b921781f4dec8091"}
55;vehicle;d5ec53f347de4a71b921781f4dec8091;3cc5fef9912341fe9696ef3851a3ac06;idling;moving_to;-73.982283;40.77552;{"dropoff":"0aebe2e17e0345bcbc5b9d728877793b","dst":{"lat":40.750107,"lon":-73.99131},"route_duration":32,"route_distance":3.43,"trip_duration":0,"trip_distance":0.0}
55;booking;0aebe2e17e0345bcbc5b9d728877793b;3cc5fef9912341fe9696ef3851a3ac06;pickup;waiting_dropoff;-73.982285;40.77552;{"vid":"d5ec53f347de4a71b921781f4dec8091"}
55;vehicle;4b854696a8ac4c27b5f4a0bb9be08659;c013b50ad1bb4f77aff073cc3ad99ad8;idling;moving_to;-73.98864;40.741157;{"eta":1,"pickup":"e113915251dc4b42a3034f645d3373fa","dst":{"lat":40.740883,"lon":-73.988579},"route_duration":1,"route_distance":0.019,"trip_duration":0,"trip_distance":0.0}
55;booking;e113915251dc4b42a3034f645d3373fa;c013b50ad1bb4f77aff073cc3ad99ad8;pending;matched;-73.988579;40.740883;{"vid":"4b854696a8ac4c27b5f4a0bb9be08659"}
55;booking;e113915251dc4b42a3034f645d3373fa;c013b50ad1bb4f77aff073cc3ad99ad8;matched;waiting_pickup;-73.988579;40.740883;{"vid":"4b854696a8ac4c27b5f4a0bb9be08659"}
56;vehicle;4b854696a8ac4c27b5f4a0bb9be08659;c013b50ad1bb4f77aff073cc3ad99ad8;moving_to;idling;-73.98844;40.741073;{"stop":"arrived","eta":1,"pickup":"e113915251dc4b42a3034f645d3373fa","dst":{"lat":40.740883,"lon":-73.988579},"route_duration":1,"route_distance":0.019,"trip_duration":1,"trip_distance":0.019}
56;booking;e113915251dc4b42a3034f645d3373fa;c013b50ad1bb4f77aff073cc3ad99ad8;waiting_pickup;pickup;-73.988579;40.740883;{"vid":"4b854696a8ac4c27b5f4a0bb9be08659"}
56;vehicle;4b854696a8ac4c27b5f4a0bb9be08659;c013b50ad1bb4f77aff073cc3ad99ad8;idling;moving_to;-73.98844;40.741073;{"dropoff":"e113915251dc4b42a3034f645d3373fa","dst":{"lat":40.743847,"lon":-73.983704},"route_duration":13,"route_distance":0.839,"trip_duration":0,"trip_distance":0.0}
56;booking;e113915251dc4b42a3034f645d3373fa;c013b50ad1bb4f77aff073cc3ad99ad8;pickup;waiting_dropoff;-73.988579;40.740883;{"vid":"4b854696a8ac4c27b5f4a0bb9be08659"}
57;vehicle;3d0f556b294d494194f922cf56c4f7f1;878eb58a18a34df79a6dbba915e1c89e;moving_to;idling;-74.003132;40.727849;{"stop":"arrived","eta":6,"pickup":"6097fdf5fddd46598d22896d3c3ed741","dst":{"lat":40.727848,"lon":-74.003166},"route_duration":9,"route_distance":0.638,"trip_duration":9,"trip_distance":0.638}
57;booking;6097fdf5fddd46598d22896d3c3ed741;878eb58a18a34df79a6dbba915e1c89e;waiting_pickup;pickup;-74.003166;40.727848;{"vid":"3d0f556b294d494194f922cf56c4f7f1"}
57;vehicle;3d0f556b294d494194f922cf56c4f7f1;878eb58a18a34df79a6dbba915e1c89e;idling;moving_to;-74.003132;40.727849;{"dropoff":"6097fdf5fddd46598d22896d3c3ed741","dst":{"lat":40.71508,"lon":-74.013321},"route_duration":33,"route_distance":2.365,"trip_duration":0,"trip_distance":0.0}
57;booking;6097fdf5fddd46598d22896d3c3ed741;878eb58a18a34df79a6dbba915e1c89e;pickup;waiting_dropoff;-74.003166;40.727848;{"vid":"3d0f556b294d494194f922cf56c4f7f1"}
62;vehicle;55ca6b1a72b54a90850812734598e054;ee550770ee5944aea4a72fab9750f061;moving_to;idling;-73.977505;40.746557;{"stop":"arrived","dropoff":"b2beb5a60c5c4084b1ad9c959115ee85","dst":{"lat":40.746613,"lon":-73.977638},"route_duration":48,"route_distance":4.875,"trip_duration":48,"trip_distance":4.875}
62;booking;b2beb5a60c5c4084b1ad9c959115ee85;ee550770ee5944aea4a72fab9750f061;waiting_dropoff;dropoff;-73.977638;40.746613;{"vid":"55ca6b1a72b54a90850812734598e054"}
62;booking;b2beb5a60c5c4084b1ad9c959115ee85;ee550770ee5944aea4a72fab9750f061;dropoff;complete;-73.977638;40.746613;{"vid":"55ca6b1a72b54a90850812734598e054"}
63;vehicle;f26cac742dd147bc83771abfc5cf7d33;609b63cc7e0643229d3b91e0f726ee19;moving_to;idling;-73.95191;40.790317;{"stop":"arrived","dropoff":"f614b760e54c4be9abbefd361c1e5a69","dst":{"lat":40.790321,"lon":-73.95192},"route_duration":41,"route_distance":6.784,"trip_duration":41,"trip_distance":6.784}
63;booking;f614b760e54c4be9abbefd361c1e5a69;609b63cc7e0643229d3b91e0f726ee19;waiting_dropoff;dropoff;-73.95192;40.790321;{"vid":"f26cac742dd147bc83771abfc5cf7d33"}
63;booking;f614b760e54c4be9abbefd361c1e5a69;609b63cc7e0643229d3b91e0f726ee19;dropoff;complete;-73.95192;40.790321;{"vid":"f26cac742dd147bc83771abfc5cf7d33"}
69;vehicle;4b854696a8ac4c27b5f4a0bb9be08659;c013b50ad1bb4f77aff073cc3ad99ad8;moving_to;idling;-73.98375;40.743866;{"stop":"arrived","dropoff":"e113915251dc4b42a3034f645d3373fa","dst":{"lat":40.743847,"lon":-73.983704},"route_duration":13,"route_distance":0.839,"trip_duration":13,"trip_distance":0.839}
69;booking;e113915251dc4b42a3034f645d3373fa;c013b50ad1bb4f77aff073cc3ad99ad8;waiting_dropoff;dropoff;-73.983704;40.743847;{"vid":"4b854696a8ac4c27b5f4a0bb9be08659"}
69;booking;e113915251dc4b42a3034f645d3373fa;c013b50ad1bb4f77aff073cc3ad99ad8;dropoff;complete;-73.983704;40.743847;{"vid":"4b854696a8ac4c27b5f4a0bb9be08659"}
70;booking;17cd8e9e485742e18d80f46fdb51a348;;created;pending;-73.989655;40.719097;{"dropoff":{"lat":40.809532,"lon":-73.94783}}
70;vehicle;3d02eb1903824fe9a4d1b9f892be7fe2;ad51e456ff414286a41e1a18d8ff2a61;idling;moving_to;-73.98992;40.719812;{"eta":2,"pickup":"17cd8e9e485742e18d80f46fdb51a348","dst":{"lat":40.719097,"lon":-73.989655},"route_duration":9,"route_distance":0.67,"trip_duration":0,"trip_distance":0.0}
70;booking;17cd8e9e485742e18d80f46fdb51a348;ad51e456ff414286a41e1a18d8ff2a61;pending;matched;-73.989655;40.719097;{"vid":"3d02eb1903824fe9a4d1b9f892be7fe2"}
70;booking;17cd8e9e485742e18d80f46fdb51a348;ad51e456ff414286a41e1a18d8ff2a61;matched;waiting_pickup;-73.989655;40.719097;{"vid":"3d02eb1903824fe9a4d1b9f892be7fe2"}
71;vehicle;58b2174d844040cdb17afbb8d6ab9e09;018133233143415393613f829595a567;moving_to;idling;-73.968481;40.791592;{"stop":"arrived","dropoff":"757122c8f55e444aa6c90454d37f9204","dst":{"lat":40.791599,"lon":-73.968498},"route_duration":35,"route_distance":3.225,"trip_duration":35,"trip_distance":3.225}
71;vehicle;3dd9ededbb924c2cae88c10d3810361f;81dce30f20e24d5c9295b09dfd88efac;moving_to;idling;-73.954091;40.766391;{"stop":"arrived","dropoff":"36275d3024c54b1d94fe3a46088afadf","dst":{"lat":40.766312,"lon":-73.953903},"route_duration":23,"route_distance":2.9,"trip_duration":23,"trip_distance":2.9}
71;booking;757122c8f55e444aa6c90454d37f9204;018133233143415393613f829595a567;waiting_dropoff;dropoff;-73.968498;40.791599;{"vid":"58b2174d844040cdb17afbb8d6ab9e09"}
71;booking;757122c8f55e444aa6c90454d37f9204;018133233143415393613f829595a567;dropoff;complete;-73.968498;40.791599;{"vid":"58b2174d844040cdb17afbb8d6ab9e09"}
71;booking;36275d3024c54b1d94fe3a46088afadf;81dce30f20e24d5c9295b09dfd88efac;waiting_dropoff;dropoff;-73.953903;40.766312;{"vid":"3dd9ededbb924c2cae88c10d3810361f"}
71;booking;36275d3024c54b1d94fe3a46088afadf;81dce30f20e24d5c9295b09dfd88efac;dropoff;complete;-73.953903;40.766312;{"vid":"3dd9ededbb924c2cae88c10d3810361f"}
72;booking;edf8e406374d4120bca2c49111f5ffcf;;created;pending;-73.978279;40.745361;{"dropoff":{"lat":40.764629,"lon":-73.964302}}
72;vehicle;55ca6b1a72b54a90850812734598e054;90d1da8e23344823a5782ac4267114de;idling;moving_to;-73.977505;40.746557;{"eta":3,"pickup":"edf8e406374d4120bca2c49111f5ffcf","dst":{"lat":40.745361,"lon":-73.978279},"route_duration":10,"route_distance":0.783,"trip_duration":0,"trip_distance":0.0}
72;booking;edf8e406374d4120bca2c49111f5ffcf;90d1da8e23344823a5782ac4267114de;pending;matched;-73.978279;40.745361;{"vid":"55ca6b1a72b54a90850812734598e054"}
72;booking;edf8e406374d4120bca2c49111f5ffcf;90d1da8e23344823a5782ac4267114de;matched;waiting_pickup;-73.978279;40.745361;{"vid":"55ca6b1a72b54a90850812734598e054"}
73;vehicle;0b051e065bcc40e89745afdabcd5031c;5d23764b59fa432bbaa642410b031cb6;moving_to;idling;-73.967865;40.755779;{"stop":"arrived","dropoff":"28b1bca4511b423fa63196c31fa7e84e","dst":{"lat":40.755795,"lon":-73.967903},"route_duration":25,"route_distance":2.34,"trip_duration":25,"trip_distance":2.34}
73;vehicle;3e9db6bb80f44fa2bed0a0cf8d1c5e7c;0a83b78daa8e4462bc2e09aa6e428b95;moving_to;idling;-74.01089;40.713465;{"stop":"arrived","dropoff":"3a7e5735296a4f3cbe8fb4b6bc0ba52c","dst":{"lat":40.713383,"lon":-74.010719},"route_duration":65,"route_distance":6.194,"trip_duration":65,"trip_distance":6.194}
73;booking;3a7e5735296a4f3cbe8fb4b6bc0ba52c;0a83b78daa8e4462bc2e09aa6e428b95;waiting_dropoff;dropoff;-74.010719;40.713383;{"vid":"3e9db6bb80f44fa2bed0a0cf8d1c5e7c"}
73;booking;3a7e5735296a4f3cbe8fb4b6bc0ba52c;0a83b78daa8e4462bc2e09aa6e428b95;dropoff;complete;-74.010719;40.713383;{"vid":"3e9db6bb80f44fa2bed0a0cf8d1c5e7c"}
73;booking;28b1bca4511b423fa63196c31fa7e84e;5d23764b59fa432bbaa642410b031cb6;waiting_dropoff;dropoff;-73.967903;40.755795;{"vid":"0b051e065bcc40e89745afdabcd5031c"}
73;booking;28b1bca4511b423fa63196c31fa7e84e;5d23764b59fa432bbaa642410b031cb6;dropoff;complete;-73.967903;40.755795;{"vid":"0b051e065bcc40e89745afdabcd5031c"}
79;vehicle;992d4e7e365c4adf8f8455f052e07455;c5dd64ac7b2241e8af1b55717a21908b;moving_to;idling;-73.975749;40.763717;{"stop":"arrived","dropoff":"d818bac7f4d04fa7881c0324f39a2518","dst":{"lat":40.763741,"lon":-73.975731},"route_duration":41,"route_distance":4.363,"trip_duration":41,"trip_distance":4.363}
79;vehicle;3d02eb1903824fe9a4d1b9f892be7fe2;ad51e456ff414286a41e1a18d8ff2a61;moving_to;idling;-73.989663;40.719081;{"stop":"arrived","eta":2,"pickup":"17cd8e9e485742e18d80f46fdb51a348","dst":{"lat":40.719097,"lon":-73.989655},"route_duration":9,"route_distance":0.67,"trip_duration":9,"trip_distance":0.67}
79;booking;d818bac7f4d04fa7881c0324f39a2518;c5dd64ac7b2241e8af1b55717a21908b;waiting_dropoff;dropoff;-73.975731;40.763741;{"vid":"992d4e7e365c4adf8f8455f052e07455"}
79;booking;d818bac7f4d04fa7881c0324f39a2518;c5dd64ac7b2241e8af1b55717a21908b;dropoff;complete;-73.975731;40.763741;{"vid":"992d4e7e365c4adf8f8455f052e07455"}
79;booking;17cd8e9e485742e18d80f46fdb51a348;ad51e456ff414286a41e1a18d8ff2a61;waiting_pickup;pickup;-73.989655;40.719097;{"vid":"3d02eb1903824fe9a4d1b9f892be7fe2"}
79;vehicle;3d02eb1903824fe9a4d1b9f892be7fe2;ad51e456ff414286a41e1a18d8ff2a61;idling;moving_to;-73.989663;40.719081;{"dropoff":"17cd8e9e485742e18d80f46fdb51a348","dst":{"lat":40.809532,"lon":-73.94783},"route_duration":86,"route_distance":14.58,"trip_duration":0,"trip_distance":0.0}
79;booking;17cd8e9e485742e18d80f46fdb51a348;ad51e456ff414286a41e1a18d8ff2a61;pickup;waiting_dropoff;-73.989655;40.719097;{"vid":"3d02eb1903824fe9a4d1b9f892be7fe2"}
82;vehicle;55ca6b1a72b54a90850812734598e054;90d1da8e23344823a5782ac4267114de;moving_to;idling;-73.978349;40.745389;{"stop":"arrived","eta":3,"pickup":"edf8e406374d4120bca2c49111f5ffcf","dst":{"lat":40.745361,"lon":-73.978279},"route_duration":10,"route_distance":0.783,"trip_duration":10,"trip_distance":0.783}
82;booking;edf8e406374d4120bca2c49111f5ffcf;90d1da8e23344823a5782ac4267114de;waiting_pickup;pickup;-73.978279;40.745361;{"vid":"55ca6b1a72b54a90850812734598e054"}
82;vehicle;55ca6b1a72b54a90850812734598e054;90d1da8e23344823a5782ac4267114de;idling;moving_to;-73.978349;40.745389;{"dropoff":"edf8e406374d4120bca2c49111f5ffcf","dst":{"lat":40.764629,"lon":-73.964302},"route_duration":21,"route_distance":2.446,"trip_duration":0,"trip_distance":0.0}
82;booking;edf8e406374d4120bca2c49111f5ffcf;90d1da8e23344823a5782ac4267114de;pickup;waiting_dropoff;-73.978279;40.745361;{"vid":"55ca6b1a72b54a90850812734598e054"}
87;vehicle;d5ec53f347de4a71b921781f4dec8091;3cc5fef9912341fe9696ef3851a3ac06;moving_to;idling;-73.991279;40.750094;{"stop":"arrived","dropoff":"0aebe2e17e0345bcbc5b9d728877793b","dst":{"lat":40.750107,"lon":-73.99131},"route_duration":32,"route_distance":3.43,"trip_duration":32,"trip_distance":3.43}
87;vehicle;44d714f04ac24b23ae9861a2b60e8f32;ce40458e5bfc40f6824e6289a0dd53f5;moving_to;idling;-73.992483;40.742766;{"stop":"arrived","dropoff":"f94f25d05b964346b7abe3a384feaaa4","dst":{"lat":40.742649,"lon":-73.992569},"route_duration":49,"route_distance":4.546,"trip_duration":49,"trip_distance":4.546}
87;booking;f94f25d05b964346b7abe3a384feaaa4;ce40458e5bfc40f6824e6289a0dd53f5;waiting_dropoff;dropoff;-73.992569;40.742649;{"vid":"44d714f04ac24b23ae9861a2b60e8f32"}
87;booking;f94f25d05b964346b7abe3a384feaaa4;ce40458e5bfc40f6824e6289a0dd53f5;dropoff;complete;-73.992569;40.742649;{"vid":"44d714f04ac24b23ae9861a2b60e8f32"}
87;booking;0aebe2e17e0345bcbc5b9d728877793b;3cc5fef9912341fe9696ef3851a3ac06;waiting_dropoff;dropoff;-73.99131;40.750107;{"vid":"d5ec53f347de4a71b921781f4dec8091"}
87;booking;0aebe2e17e0345bcbc5b9d728877793b;3cc5fef9912341fe9696ef3851a3ac06;dropoff;complete;-73.99131;40.750107;{"vid":"d5ec53f347de4a71b921781f4dec8091"}
89;booking;6b90e7b401cb40ccb8643ac2d34bf2a0;;created;pending;-73.979263;40.74033;{"dropoff":{"lat":40.714119,"lon":-74.014008}}
89;booking;71d1e3286cc14d9ba9d0fa78a8d07d24;;created;pending;-74.000999;40.741711;{"dropoff":{"lat":40.789928,"lon":-73.952339}}
89;vehicle;bf496aa99fa44136bc92c214d3f4bbb9;33581c71a77040dba4aef55d78feec46;idling;moving_to;-73.97876;40.740862;{"eta":2,"pickup":"6b90e7b401cb40ccb8643ac2d34bf2a0","dst":{"lat":40.74033,"lon":-73.979263},"route_duration":2,"route_distance":0.072,"trip_duration":0,"trip_distance":0.0}
89;booking;6b90e7b401cb40ccb8643ac2d34bf2a0;33581c71a77040dba4aef55d78feec46;pending;matched;-73.979263;40.74033;{"vid":"bf496aa99fa44136bc92c214d3f4bbb9"}
89;booking;6b90e7b401cb40ccb8643ac2d34bf2a0;33581c71a77040dba4aef55d78feec46;matched;waiting_pickup;-73.979263;40.74033;{"vid":"bf496aa99fa44136bc92c214d3f4bbb9"}
89;vehicle;188ff43bfdd74b4ea9c9fa9ec78d23df;7f4b5e6faabb4918bf271216757ecc99;idling;moving_to;-73.997193;40.741973;{"eta":6,"pickup":"71d1e3286cc14d9ba9d0fa78a8d07d24","dst":{"lat":40.741711,"lon":-74.000999},"route_duration":7,"route_distance":0.473,"trip_duration":0,"trip_distance":0.0}
89;booking;71d1e3286cc14d9ba9d0fa78a8d07d24;7f4b5e6faabb4918bf271216757ecc99;pending;matched;-74.000999;40.741711;{"vid":"188ff43bfdd74b4ea9c9fa9ec78d23df"}
89;booking;71d1e3286cc14d9ba9d0fa78a8d07d24;7f4b5e6faabb4918bf271216757ecc99;matched;waiting_pickup;-74.000999;40.741711;{"vid":"188ff43bfdd74b4ea9c9fa9ec78d23df"}
90;vehicle;3d0f556b294d494194f922cf56c4f7f1;878eb58a18a34df79a6dbba915e1c89e;moving_to;idling;-74.013249;40.715069;{"stop":"arrived","dropoff":"6097fdf5fddd46598d22896d3c3ed741","dst":{"lat":40.71508,"lon":-74.013321},"route_duration":33,"route_distance":2.365,"trip_duration":33,"trip_distance":2.365}
90;booking;6097fdf5fddd46598d22896d3c3ed741;878eb58a18a34df79a6dbba915e1c89e;waiting_dropoff;dropoff;-74.013321;40.71508;{"vid":"3d0f556b294d494194f922cf56c4f7f1"}
90;booking;6097fdf5fddd46598d22896d3c3ed741;878eb58a18a34df79a6dbba915e1c89e;dropoff;complete;-74.013321;40.71508;{"vid":"3d0f556b294d494194f922cf56c4f7f1"}
91;vehicle;bf496aa99fa44136bc92c214d3f4bbb9;33581c71a77040dba4aef55d78feec46;moving_to;idling;-73.979172;40.740292;{"stop":"arrived","eta":2,"pickup":"6b90e7b401cb40ccb8643ac2d34bf2a0","dst":{"lat":40.74033,"lon":-73.979263},"route_duration":2,"route_distance":0.072,"trip_duration":2,"trip_distance":0.072}
91;booking;6b90e7b401cb40ccb8643ac2d34bf2a0;33581c71a77040dba4aef55d78feec46;waiting_pickup;pickup;-73.979263;40.74033;{"vid":"bf496aa99fa44136bc92c214d3f4bbb9"}
91;vehicle;bf496aa99fa44136bc92c214d3f4bbb9;33581c71a77040dba4aef55d78feec46;idling;moving_to;-73.979172;40.740292;{"dropoff":"6b90e7b401cb40ccb8643ac2d34bf2a0","dst":{"lat":40.714119,"lon":-74.014008},"route_duration":67,"route_distance":4.986,"trip_duration":0,"trip_distance":0.0}
91;booking;6b90e7b401cb40ccb8643ac2d34bf2a0;33581c71a77040dba4aef55d78feec46;pickup;waiting_dropoff;-73.979263;40.74033;{"vid":"bf496aa99fa44136bc92c214d3f4bbb9"}
92;booking;250a2ee4946548aea5234072f4ef8d21;;created;pending;-73.97699;40.738869;{"dropoff":{"lat":40.738251,"lon":-73.973511}}
92;vehicle;1091c76c6f764abd960fb4c21f4af754;4b0a2cdec680491eb85e289a033b4e37;idling;moving_to;-73.976931;40.739093;{"eta":1,"pickup":"250a2ee4946548aea5234072f4ef8d21","dst":{"lat":40.738869,"lon":-73.97699},"route_duration":8,"route_distance":0.492,"trip_duration":0,"trip_distance":0.0}
92;booking;250a2ee4946548aea5234072f4ef8d21;4b0a2cdec680491eb85e289a033b4e37;pending;matched;-73.97699;40.738869;{"vid":"1091c76c6f764abd960fb4c21f4af754"}
92;booking;250a2ee4946548aea5234072f4ef8d21;4b0a2cdec680491eb85e289a033b4e37;matched;waiting_pickup;-73.97699;40.738869;{"vid":"1091c76c6f764abd960fb4c21f4af754"}
96;vehicle;188ff43bfdd74b4ea9c9fa9ec78d23df;7f4b5e6faabb4918bf271216757ecc99;moving_to;idling;-74.001073;40.741742;{"stop":"arrived","eta":6,"pickup":"71d1e3286cc14d9ba9d0fa78a8d07d24","dst":{"lat":40.741711,"lon":-74.000999},"route_duration":7,"route_distance":0.473,"trip_duration":7,"trip_distance":0.473}
96;booking;71d1e3286cc14d9ba9d0fa78a8d07d24;7f4b5e6faabb4918bf271216757ecc99;waiting_pickup;pickup;-74.000999;40.741711;{"vid":"188ff43bfdd74b4ea9c9fa9ec78d23df"}
96;vehicle;188ff43bfdd74b4ea9c9fa9ec78d23df;7f4b5e6faabb4918bf271216757ecc99;idling;moving_to;-74.001073;40.741742;{"dropoff":"71d1e3286cc14d9ba9d0fa78a8d07d24","dst":{"lat":40.789928,"lon":-73.952339},"route_duration":74,"route_distance":9.981,"trip_duration":0,"trip_distance":0.0}
96;booking;71d1e3286cc14d9ba9d0fa78a8d07d24;7f4b5e6faabb4918bf271216757ecc99;pickup;waiting_dropoff;-74.000999;40.741711;{"vid":"188ff43bfdd74b4ea9c9fa9ec78d23df"}
98;booking;9846eac443204954b71eac9e3126673e;;created;pending;-73.961159;40.775581;{"dropoff":{"lat":40.749859,"lon":-73.993958}}
98;vehicle;475037c8c21b4add91894d5022e4f75d;43f51feeb72c400d8341c9407b9625a8;idling;moving_to;-73.96288;40.775287;{"eta":3,"pickup":"9846eac443204954b71eac9e3126673e","dst":{"lat":40.775581,"lon":-73.961159},"route_duration":3,"route_distance":0.244,"trip_duration":0,"trip_distance":0.0}
98;booking;9846eac443204954b71eac9e3126673e;43f51feeb72c400d8341c9407b9625a8;pending;matched;-73.961159;40.775581;{"vid":"475037c8c21b4add91894d5022e4f75d"}
98;booking;9846eac443204954b71eac9e3126673e;43f51feeb72c400d8341c9407b9625a8;matched;waiting_pickup;-73.961159;40.775581;{"vid":"475037c8c21b4add91894d5022e4f75d"}
99;vehicle;82a4bdb4af6842598bf78b4a367d62d8;eea75be0a8ff4922a3c4ff2e28c42d3d;moving_to;idling;-73.987031;40.748614;{"stop":"arrived","dropoff":"1bb1830bd024469ca5d209d3a4d8cb36","dst":{"lat":40.748615,"lon":-73.98703},"route_duration":45,"route_distance":6.712,"trip_duration":45,"trip_distance":6.712}
99;booking;1bb1830bd024469ca5d209d3a4d8cb36;eea75be0a8ff4922a3c4ff2e28c42d3d;waiting_dropoff;dropoff;-73.98703;40.748615;{"vid":"82a4bdb4af6842598bf78b4a367d62d8"}
99;booking;1bb1830bd024469ca5d209d3a4d8cb36;eea75be0a8ff4922a3c4ff2e28c42d3d;dropoff;complete;-73.98703;40.748615;{"vid":"82a4bdb4af6842598bf78b4a367d62d8"}
100;vehicle;1091c76c6f764abd960fb4c21f4af754;4b0a2cdec680491eb85e289a033b4e37;moving_to;idling;-73.97707;40.738903;{"stop":"arrived","eta":1,"pickup":"250a2ee4946548aea5234072f4ef8d21","dst":{"lat":40.738869,"lon":-73.97699},"route_duration":8,"route_distance":0.492,"trip_duration":8,"trip_distance":0.492}
100;booking;250a2ee4946548aea5234072f4ef8d21;4b0a2cdec680491eb85e289a033b4e37;waiting_pickup;pickup;-73.97699;40.738869;{"vid":"1091c76c6f764abd960fb4c21f4af754"}
100;vehicle;1091c76c6f764abd960fb4c21f4af754;4b0a2cdec680491eb85e289a033b4e37;idling;moving_to;-73.97707;40.738903;{"dropoff":"250a2ee4946548aea5234072f4ef8d21","dst":{"lat":40.738251,"lon":-73.973511},"route_duration":17,"route_distance":1.479,"trip_duration":0,"trip_distance":0.0}
100;booking;250a2ee4946548aea5234072f4ef8d21;4b0a2cdec680491eb85e289a033b4e37;pickup;waiting_dropoff;-73.97699;40.738869;{"vid":"1091c76c6f764abd960fb4c21f4af754"}
101;vehicle;475037c8c21b4add91894d5022e4f75d;43f51feeb72c400d8341c9407b9625a8;moving_to;idling;-73.960977;40.775827;{"stop":"arrived","eta":3,"pickup":"9846eac443204954b71eac9e3126673e","dst":{"lat":40.775581,"lon":-73.961159},"route_duration":3,"route_distance":0.244,"trip_duration":3,"trip_distance":0.244}
101;booking;9846eac443204954b71eac9e3126673e;43f51feeb72c400d8341c9407b9625a8;waiting_pickup;pickup;-73.961159;40.775581;{"vid":"475037c8c21b4add91894d5022e4f75d"}
101;vehicle;475037c8c21b4add91894d5022e4f75d;43f51feeb72c400d8341c9407b9625a8;idling;moving_to;-73.960977;40.775827;{"dropoff":"9846eac443204954b71eac9e3126673e","dst":{"lat":40.749859,"lon":-73.993958},"route_duration":48,"route_distance":5.047,"trip_duration":0,"trip_distance":0.0}
101;booking;9846eac443204954b71eac9e3126673e;43f51feeb72c400d8341c9407b9625a8;pickup;waiting_dropoff;-73.961159;40.775581;{"vid":"475037c8c21b4add91894d5022e4f75d"}
103;vehicle;55ca6b1a72b54a90850812734598e054;90d1da8e23344823a5782ac4267114de;moving_to;idling;-73.96433;40.764641;{"stop":"arrived","dropoff":"edf8e406374d4120bca2c49111f5ffcf","dst":{"lat":40.764629,"lon":-73.964302},"route_duration":21,"route_distance":2.446,"trip_duration":21,"trip_distance":2.446}
103;booking;edf8e406374d4120bca2c49111f5ffcf;90d1da8e23344823a5782ac4267114de;waiting_dropoff;dropoff;-73.964302;40.764629;{"vid":"55ca6b1a72b54a90850812734598e054"}
103;booking;edf8e406374d4120bca2c49111f5ffcf;90d1da8e23344823a5782ac4267114de;dropoff;complete;-73.964302;40.764629;{"vid":"55ca6b1a72b54a90850812734598e054"}
104;booking;c0ea04e9a9cf4b6595d64150a46978bd;;created;pending;-73.98951;40.755989;{"dropoff":{"lat":40.758289,"lon":-73.975189}}
104;vehicle;1799bf675ae74dce88ffcea2c94d1316;950cc574fbc04d188bc07c6a6d2707e3;idling;moving_to;-73.983282;40.755984;{"eta":10,"pickup":"c0ea04e9a9cf4b6595d64150a46978bd","dst":{"lat":40.755989,"lon":-73.98951},"route_duration":12,"route_distance":0.887,"trip_duration":0,"trip_distance":0.0}
104;booking;c0ea04e9a9cf4b6595d64150a46978bd;950cc574fbc04d188bc07c6a6d2707e3;pending;matched;-73.98951;40.755989;{"vid":"1799bf675ae74dce88ffcea2c94d1316"}
104;booking;c0ea04e9a9cf4b6595d64150a46978bd;950cc574fbc04d188bc07c6a6d2707e3;matched;waiting_pickup;-73.98951;40.755989;{"vid":"1799bf675ae74dce88ffcea2c94d1316"}
110;booking;8393e239e8f245898f2db820216a66e7;;created;pending;-73.986053;40.767467;{"dropoff":{"lat":40.735634,"lon":-73.975655}}
110;vehicle;84d0fa76bdb44fce992606777d4adcaf;520bd750df41484097fb2649685c4727;idling;moving_to;-73.985718;40.766212;{"eta":3,"pickup":"8393e239e8f245898f2db820216a66e7","dst":{"lat":40.767467,"lon":-73.986053},"route_duration":12,"route_distance":0.861,"trip_duration":0,"trip_distance":0.0}
110;booking;8393e239e8f245898f2db820216a66e7;520bd750df41484097fb2649685c4727;pending;matched;-73.986053;40.767467;{"vid":"84d0fa76bdb44fce992606777d4adcaf"}
110;booking;8393e239e8f245898f2db820216a66e7;520bd750df41484097fb2649685c4727;matched;waiting_pickup;-73.986053;40.767467;{"vid":"84d0fa76bdb44fce992606777d4adcaf"}
112;booking;d58b717fafea4654803640f7b4a41296;;created;pending;-73.960251;40.814049;{"dropoff":{"lat":40.763538,"lon":-73.965118}}
112;vehicle;573444541e1e4bd1b9df8fdcc6a802f5;a7eb5b31db65471cb1d24f2926d135bc;idling;moving_to;-73.956018;40.813713;{"eta":7,"pickup":"d58b717fafea4654803640f7b4a41296","dst":{"lat":40.814049,"lon":-73.960251},"route_duration":7,"route_distance":0.47,"trip_duration":0,"trip_distance":0.0}
112;booking;d58b717fafea4654803640f7b4a41296;a7eb5b31db65471cb1d24f2926d135bc;pending;matched;-73.960251;40.814049;{"vid":"573444541e1e4bd1b9df8fdcc6a802f5"}
112;booking;d58b717fafea4654803640f7b4a41296;a7eb5b31db65471cb1d24f2926d135bc;matched;waiting_pickup;-73.960251;40.814049;{"vid":"573444541e1e4bd1b9df8fdcc6a802f5"}
114;booking;90be5193d25449859df3185836eb6639;;created;pending;-73.982849;40.766338;{"dropoff":{"lat":40.743477,"lon":-73.9944}}
114;vehicle;b8650b71cde94fa4916f6992ac442116;a10b8a3c801042f0bc8d75e46e288421;idling;moving_to;-73.980788;40.767605;{"eta":4,"pickup":"90be5193d25449859df3185836eb6639","dst":{"lat":40.766338,"lon":-73.982849},"route_duration":11,"route_distance":0.906,"trip_duration":0,"trip_distance":0.0}
114;booking;90be5193d25449859df3185836eb6639;a10b8a3c801042f0bc8d75e46e288421;pending;matched;-73.982849;40.766338;{"vid":"b8650b71cde94fa4916f6992ac442116"}
114;booking;90be5193d25449859df3185836eb6639;a10b8a3c801042f0bc8d75e46e288421;matched;waiting_pickup;-73.982849;40.766338;{"vid":"b8650b71cde94fa4916f6992ac442116"}
116;vehicle;1799bf675ae74dce88ffcea2c94d1316;950cc574fbc04d188bc07c6a6d2707e3;moving_to;idling;-73.989367;40.756183;{"stop":"arrived","eta":10,"pickup":"c0ea04e9a9cf4b6595d64150a46978bd","dst":{"lat":40.755989,"lon":-73.98951},"route_duration":12,"route_distance":0.887,"trip_duration":12,"trip_distance":0.887}
116;booking;c0ea04e9a9cf4b6595d64150a46978bd;950cc574fbc04d188bc07c6a6d2707e3;waiting_pickup;pickup;-73.98951;40.755989;{"vid":"1799bf675ae74dce88ffcea2c94d1316"}
116;vehicle;1799bf675ae74dce88ffcea2c94d1316;950cc574fbc04d188bc07c6a6d2707e3;idling;moving_to;-73.989367;40.756183;{"dropoff":"c0ea04e9a9cf4b6595d64150a46978bd","dst":{"lat":40.758289,"lon":-73.975189},"route_duration":19,"route_distance":1.887,"trip_duration":0,"trip_distance":0.0}
116;booking;c0ea04e9a9cf4b6595d64150a46978bd;950cc574fbc04d188bc07c6a6d2707e3;pickup;waiting_dropoff;-73.98951;40.755989;{"vid":"1799bf675ae74dce88ffcea2c94d1316"}
117;vehicle;1091c76c6f764abd960fb4c21f4af754;4b0a2cdec680491eb85e289a033b4e37;moving_to;idling;-73.973548;40.738265;{"stop":"arrived","dropoff":"250a2ee4946548aea5234072f4ef8d21","dst":{"lat":40.738251,"lon":-73.973511},"route_duration":17,"route_distance":1.479,"trip_duration":17,"trip_distance":1.479}
117;vehicle;0f27364998304d64877418c6119be010;f66f13907efc489787db2506f8945dc3;moving_to;idling;-73.994235;40.750038;{"stop":"arrived","dropoff":"0cf6fec8b5b04d7b975783d7869d9f28","dst":{"lat":40.750011,"lon":-73.994255},"route_duration":71,"route_distance":5.197,"trip_duration":71,"trip_distance":5.197}
117;booking;0cf6fec8b5b04d7b975783d7869d9f28;f66f13907efc489787db2506f8945dc3;waiting_dropoff;dropoff;-73.994255;40.750011;{"vid":"0f27364998304d64877418c6119be010"}
117;booking;0cf6fec8b5b04d7b975783d7869d9f28;f66f13907efc489787db2506f8945dc3;dropoff;complete;-73.994255;40.750011;{"vid":"0f27364998304d64877418c6119be010"}
117;booking;250a2ee4946548aea5234072f4ef8d21;4b0a2cdec680491eb85e289a033b4e37;waiting_dropoff;dropoff;-73.973511;40.738251;{"vid":"1091c76c6f764abd960fb4c21f4af754"}
117;booking;250a2ee4946548aea5234072f4ef8d21;4b0a2cdec680491eb85e289a033b4e37;dropoff;complete;-73.973511;40.738251;{"vid":"1091c76c6f764abd960fb4c21f4af754"}
119;vehicle;573444541e1e4bd1b9df8fdcc6a802f5;a7eb5b31db65471cb1d24f2926d135bc;moving_to;idling;-73.960269;40.814023;{"stop":"arrived","eta":7,"pickup":"d58b717fafea4654803640f7b4a41296","dst":{"lat":40.814049,"lon":-73.960251},"route_duration":7,"route_distance":0.47,"trip_duration":7,"trip_distance":0.47}
119;booking;d58b717fafea4654803640f7b4a41296;a7eb5b31db65471cb1d24f2926d135bc;waiting_pickup;pickup;-73.960251;40.814049;{"vid":"573444541e1e4bd1b9df8fdcc6a802f5"}
119;vehicle;573444541e1e4bd1b9df8fdcc6a802f5;a7eb5b31db65471cb1d24f2926d135bc;idling;moving_to;-73.960269;40.814023;{"dropoff":"d58b717fafea4654803640f7b4a41296","dst":{"lat":40.763538,"lon":-73.965118},"route_duration":59,"route_distance":9.638,"trip_duration":0,"trip_distance":0.0}
119;booking;d58b717fafea4654803640f7b4a41296;a7eb5b31db65471cb1d24f2926d135bc;pickup;waiting_dropoff;-73.960251;40.814049;{"vid":"573444541e1e4bd1b9df8fdcc6a802f5"}
120;booking;af1182d1d1ec45199afce2d6060291eb;;created;pending;-73.944939;40.787113;{"dropoff":{"lat":40.760017,"lon":-73.966728}}
120;booking;a6eb412f7a994ffd80421268c8828911;;created;pending;-73.971756;40.758179;{"dropoff":{"lat":40.720261,"lon":-73.978935}}
120;vehicle;f26cac742dd147bc83771abfc5cf7d33;51e32391aad0470f8b50a4b9cc388d57;idling;moving_to;-73.95191;40.790317;{"eta":13,"pickup":"af1182d1d1ec45199afce2d6060291eb","dst":{"lat":40.787113,"lon":-73.944939},"route_duration":18,"route_distance":1.213,"trip_duration":0,"trip_distance":0.0}
120;booking;af1182d1d1ec45199afce2d6060291eb;51e32391aad0470f8b50a4b9cc388d57;pending;matched;-73.944939;40.787113;{"vid":"f26cac742dd147bc83771abfc5cf7d33"}
120;booking;af1182d1d1ec45199afce2d6060291eb;51e32391aad0470f8b50a4b9cc388d57;matched;waiting_pickup;-73.944939;40.787113;{"vid":"f26cac742dd147bc83771abfc5cf7d33"}
120;vehicle;76202d01e0af444290c1c2b740de5aa9;22c695b66ba44e5791c17ba73074e436;idling;moving_to;-73.969837;40.759968;{"eta":5,"pickup":"a6eb412f7a994ffd80421268c8828911","dst":{"lat":40.758179,"lon":-73.971756},"route_duration":7,"route_distance":0.569,"trip_duration":0,"trip_distance":0.0}
120;booking;a6eb412f7a994ffd80421268c8828911;22c695b66ba44e5791c17ba73074e436;pending;matched;-73.971756;40.758179;{"vid":"76202d01e0af444290c1c2b740de5aa9"}
120;booking;a6eb412f7a994ffd80421268c8828911;22c695b66ba44e5791c17ba73074e436;matched;waiting_pickup;-73.971756;40.758179;{"vid":"76202d01e0af444290c1c2b740de5aa9"}
122;vehicle;84d0fa76bdb44fce992606777d4adcaf;520bd750df41484097fb2649685c4727;moving_to;idling;-73.986048;40.767465;{"stop":"arrived","eta":3,"pickup":"8393e239e8f245898f2db820216a66e7","dst":{"lat":40.767467,"lon":-73.986053},"route_duration":12,"route_distance":0.861,"trip_duration":12,"trip_distance":0.861}
122;booking;8393e239e8f245898f2db820216a66e7;520bd750df41484097fb2649685c4727;waiting_pickup;pickup;-73.986053;40.767467;{"vid":"84d0fa76bdb44fce992606777d4adcaf"}
122;vehicle;84d0fa76bdb44fce992606777d4adcaf;520bd750df41484097fb2649685c4727;idling;moving_to;-73.986048;40.767465;{"dropoff":"8393e239e8f245898f2db820216a66e7","dst":{"lat":40.735634,"lon":-73.975655},"route_duration":42,"route_distance":5.095,"trip_duration":0,"trip_distance":0.0}
122;booking;8393e239e8f245898f2db820216a66e7;520bd750df41484097fb2649685c4727;pickup;waiting_dropoff;-73.986053;40.767467;{"vid":"84d0fa76bdb44fce992606777d4adcaf"}
124;booking;dd3155b9ee1e49dd940edb4b9b5570bb;;created;pending;-73.95414;40.778557;{"dropoff":{"lat":40.706493,"lon":-74.005486}}
124;vehicle;4e628eac48d44c0dada68526e4027288;f3c5aa51847646db8702ab0aaa295fdf;idling;moving_to;-73.957736;40.774479;{"eta":10,"pickup":"dd3155b9ee1e49dd940edb4b9b5570bb","dst":{"lat":40.778557,"lon":-73.95414},"route_duration":6,"route_distance":0.587,"trip_duration":0,"trip_distance":0.0}
124;booking;dd3155b9ee1e49dd940edb4b9b5570bb;f3c5aa51847646db8702ab0aaa295fdf;pending;matched;-73.95414;40.778557;{"vid":"4e628eac48d44c0dada68526e4027288"}
124;booking;dd3155b9ee1e49dd940edb4b9b5570bb;f3c5aa51847646db8702ab0aaa295fdf;matched;waiting_pickup;-73.95414;40.778557;{"vid":"4e628eac48d44c0dada68526e4027288"}
125;booking;4b3f27a2402d4738a78fd4205706f172;;created;pending;-73.989273;40.736092;{"dropoff":{"lat":40.7509,"lon":-73.990723}}
125;vehicle;b8650b71cde94fa4916f6992ac442116;a10b8a3c801042f0bc8d75e46e288421;moving_to;idling;-73.983079;40.766435;{"stop":"arrived","eta":4,"pickup":"90be5193d25449859df3185836eb6639","dst":{"lat":40.766338,"lon":-73.982849},"route_duration":11,"route_distance":0.906,"trip_duration":11,"trip_distance":0.906}
125;booking;90be5193d25449859df3185836eb6639;a10b8a3c801042f0bc8d75e46e288421;waiting_pickup;pickup;-73.982849;40.766338;{"vid":"b8650b71cde94fa4916f6992ac442116"}
125;vehicle;b8650b71cde94fa4916f6992ac442116;a10b8a3c801042f0bc8d75e46e288421;idling;moving_to;-73.983079;40.766435;{"dropoff":"90be5193d25449859df3185836eb6639","dst":{"lat":40.743477,"lon":-73.9944},"route_duration":39,"route_distance":3.156,"trip_duration":0,"trip_distance":0.0}
125;booking;90be5193d25449859df3185836eb6639;a10b8a3c801042f0bc8d75e46e288421;pickup;waiting_dropoff;-73.982849;40.766338;{"vid":"b8650b71cde94fa4916f6992ac442116"}
125;vehicle;75570008445a473086f15b123bae169f;f7970c68199e45d9b9ec2e19f2824ed7;idling;moving_to;-73.985733;40.739921;{"eta":10,"pickup":"4b3f27a2402d4738a78fd4205706f172","dst":{"lat":40.736092,"lon":-73.989273},"route_duration":14,"route_distance":0.819,"trip_duration":0,"trip_distance":0.0}
125;booking;4b3f27a2402d4738a78fd4205706f172;f7970c68199e45d9b9ec2e19f2824ed7;pending;matched;-73.989273;40.736092;{"vid":"75570008445a473086f15b123bae169f"}
